brand,suggested_retailers,suggested_marketplaces,verification_status,evidence_source
Alexander McQueen,Nordstrom;Bloomingdale's;Macy's,Amazon;Walmart;Target,pending,
Alexander Wang,Nordstrom;Bloomingdale's;Macy's,Amazon;Walmart;Target,pending,
Altuzarra,Nordstrom;Bloomingdale's;Macy's,Amazon;Walmart;Target,pending,
Amina Muaddi,Nordstrom;Bloomingdale's;Macy's,Amazon;Walmart;Target,pending,
Anine Bing,Nordstrom;Bloomingdale's;Macy's,Amazon;Walmart;Target,pending,
Balenciaga,Saks;Neiman Marcus;Net-a-Porter;Mytheresa,,pending,
Balmain,Nordstrom;Bloomingdale's;Macy's,Amazon;Walmart;Target,pending,
Bottega Veneta,Saks;Neiman Marcus;Net-a-Porter;Mytheresa,,pending,
Brunello Cucinelli,Saks;Neiman Marcus;Net-a-Porter;Mytheresa,,pending,
Burberry,Saks;Neiman Marcus;Net-a-Porter;Mytheresa,,pending,
Celine,Saks;Neiman Marcus;Net-a-Porter;Mytheresa,,pending,
Chloe,Saks;Neiman Marcus;Net-a-Porter;Mytheresa,,pending,
Christian Louboutin,DSW;Zappos;Nordstrom;Macy's,Amazon;Walmart;Target,pending,
Christian Siriano,Nordstrom;Bloomingdale's;Macy's,Amazon;Walmart;Target,pending,
Dolce & Gabbana,Saks;Neiman Marcus;Net-a-Porter;Mytheresa,,pending,
Dries Van Noten,Nordstrom;Bloomingdale's;Macy's,Amazon;Walmart;Target,pending,
Emilio Pucci,Nordstrom;Bloomingdale's;Macy's,Amazon;Walmart;Target,pending,
Etro,Nordstrom;Bloomingdale's;Macy's,Amazon;Walmart;Target,pending,
Fendi,Saks;Neiman Marcus;Net-a-Porter;Mytheresa,,pending,
Ganni,Nordstrom;Bloomingdale's;Macy's,Amazon;Walmart;Target,pending,
Giorgio Armani,Nordstrom;Bloomingdale's;Macy's,Amazon;Walmart;Target,pending,
Gucci,Saks;Neiman Marcus;Net-a-Porter;Mytheresa,,pending,
Halston,Nordstrom;Bloomingdale's;Macy's,Amazon;Walmart;Target,pending,
Isabel Marant,Nordstrom;Bloomingdale's;Macy's,Amazon;Walmart;Target,pending,
Jason Wu,Nordstrom;Bloomingdale's;Macy's,Amazon;Walmart;Target,pending,
Jil Sander,Nordstrom;Bloomingdale's;Macy's,Amazon;Walmart;Target,pending,
Jimmy Choo,DSW;Zappos;Nordstrom;Macy's,Amazon;Walmart;Target,pending,
Johanna Ortiz,Nordstrom;Bloomingdale's;Macy's,Amazon;Walmart;Target,pending,
Khaite,Saks;Neiman Marcus;Net-a-Porter;Mytheresa,,pending,
Lanvin,Nordstrom;Bloomingdale's;Macy's,Amazon;Walmart;Target,pending,
Loewe,Saks;Neiman Marcus;Net-a-Porter;Mytheresa,,pending,
Miu Miu,Nordstrom;Bloomingdale's;Macy's,Amazon;Walmart;Target,pending,
Moncler,Saks;Neiman Marcus;Net-a-Porter;Mytheresa,,pending,
Oscar de la Renta,Nordstrom;Bloomingdale's;Macy's,Amazon;Walmart;Target,pending,
Prada,Saks;Neiman Marcus;Net-a-Porter;Mytheresa,,pending,
Ralph Lauren Collection,Nordstrom;Bloomingdale's;Macy's,Amazon;Walmart;Target,pending,
Rick Owens,Nordstrom;Bloomingdale's;Macy's,Amazon;Walmart;Target,pending,
Roberto Cavalli,Nordstrom;Bloomingdale's;Macy's,Amazon;Walmart;Target,pending,
Saint Laurent,Saks;Neiman Marcus;Net-a-Porter;Mytheresa,,pending,
Salvatore Ferragamo,Saks;Neiman Marcus;Net-a-Porter;Mytheresa,,pending,
Staud,Nordstrom;Bloomingdale's;Macy's,Amazon;Walmart;Target,pending,
Stella McCartney,Nordstrom;Bloomingdale's;Macy's,Amazon;Walmart;Target,pending,
The Row,Saks;Neiman Marcus;Net-a-Porter;Mytheresa,,pending,
Thom Browne,Nordstrom;Bloomingdale's;Macy's,Amazon;Walmart;Target,pending,
Tod's,Saks;Neiman Marcus;Net-a-Porter;Mytheresa,,pending,
Valentino,Saks;Neiman Marcus;Net-a-Porter;Mytheresa,,pending,
Versace,Saks;Neiman Marcus;Net-a-Porter;Mytheresa,,pending,
Vivienne Westwood,Nordstrom;Bloomingdale's;Macy's,Amazon;Walmart;Target,pending,
Zimmermann,Saks;Neiman Marcus;Net-a-Porter;Mytheresa,,pending,
Marine Serre,Nordstrom;Bloomingdale's;Macy's,Amazon;Walmart;Target,pending,
Mara Hoffman,Nordstrom;Bloomingdale's;Macy's,Amazon;Walmart;Target,pending,
Marni,Nordstrom;Bloomingdale's;Macy's,Amazon;Walmart;Target,pending,
Maison Margiela,Nordstrom;Bloomingdale's;Macy's,Amazon;Walmart;Target,pending,
Max Mara,Saks;Neiman Marcus;Net-a-Porter;Mytheresa,,pending,
Givenchy,Saks;Neiman Marcus;Net-a-Porter;Mytheresa,,pending,
Alaia,Saks;Neiman Marcus;Net-a-Porter;Mytheresa,,pending,
Tory Burch,DSW;Zappos;Nordstrom;Macy's,Amazon;Walmart;Target,pending,
Proenza Schouler,Nordstrom;Bloomingdale's;Macy's,Amazon;Walmart;Target,pending,
Lemaire,Nordstrom;Bloomingdale's;Macy's,Amazon;Walmart;Target,pending,
Ulla Johnson,Nordstrom;Bloomingdale's;Macy's,Amazon;Walmart;Target,pending,
Erdem,Nordstrom;Bloomingdale's;Macy's,Amazon;Walmart;Target,pending,
Victoria Beckham,Nordstrom;Bloomingdale's;Macy's,Amazon;Walmart;Target,pending,
Peter Do,Nordstrom;Bloomingdale's;Macy's,Amazon;Walmart;Target,pending,
Gabriela Hearst,Nordstrom;Bloomingdale's;Macy's,Amazon;Walmart;Target,pending,
Jonathan Simkhai,Nordstrom;Bloomingdale's;Macy's,Amazon;Walmart;Target,pending,
Nili Lotan,Nordstrom;Bloomingdale's;Macy's,Amazon;Walmart;Target,pending,
A.L.C.,Nordstrom;Bloomingdale's;Macy's,Amazon;Walmart;Target,pending,
Roksanda,Nordstrom;Bloomingdale's;Macy's,Amazon;Walmart;Target,pending,
Self-Portrait,Saks;Neiman Marcus;Net-a-Porter;Mytheresa,,pending,
Sergio Rossi,Nordstrom;Bloomingdale's;Macy's,Amazon;Walmart;Target,pending,
Gianvito Rossi,DSW;Zappos;Nordstrom;Macy's,Amazon;Walmart;Target,pending,
Aquazzura,Nordstrom;Bloomingdale's;Macy's,Amazon;Walmart;Target,pending,
Manolo Blahnik,DSW;Zappos;Nordstrom;Macy's,Amazon;Walmart;Target,pending,
Roger Vivier,DSW;Zappos;Nordstrom;Macy's,Amazon;Walmart;Target,pending,
Mugler,Nordstrom;Bloomingdale's;Macy's,Amazon;Walmart;Target,pending,
Maje,Nordstrom;Bloomingdale's;Macy's,Amazon;Walmart;Target,pending,
Sandro,Nordstrom;Bloomingdale's;Macy's,Amazon;Walmart;Target,pending,
ba&sh,Nordstrom;Bloomingdale's;Macy's,Amazon;Walmart;Target,pending,
Claudie Pierlot,Nordstrom;Bloomingdale's;Macy's,Amazon;Walmart;Target,pending,
IRO,Nordstrom;Bloomingdale's;Macy's,Amazon;Walmart;Target,pending,
Patou,Nordstrom;Bloomingdale's;Macy's,Amazon;Walmart;Target,pending,
Cult Gaia,Nordstrom;Bloomingdale's;Macy's,Amazon;Walmart;Target,pending,
Simone Rocha,Nordstrom;Bloomingdale's;Macy's,Amazon;Walmart;Target,pending,
Aje,Nordstrom;Bloomingdale's;Macy's,Amazon;Walmart;Target,pending,
Smythe,Nordstrom;Bloomingdale's;Macy's,Amazon;Walmart;Target,pending,
Nanushka,Nordstrom;Bloomingdale's;Macy's,Amazon;Walmart;Target,pending,
Cinq a Sept,Nordstrom;Bloomingdale's;Macy's,Amazon;Walmart;Target,pending,
Tanya Taylor,Nordstrom;Bloomingdale's;Macy's,Amazon;Walmart;Target,pending,
Ramy Brook,Nordstrom;Bloomingdale's;Macy's,Amazon;Walmart;Target,pending,
Aje.,Nordstrom;Bloomingdale's;Macy's,Amazon;Walmart;Target,pending,
Jacquemus,Nordstrom;Bloomingdale's;Macy's,Amazon;Walmart;Target,pending,
Coperni,Nordstrom;Bloomingdale's;Macy's,Amazon;Walmart;Target,pending,
Herve Leger,Nordstrom;Bloomingdale's;Macy's,Amazon;Walmart;Target,pending,
Elie Saab,Nordstrom;Bloomingdale's;Macy's,Amazon;Walmart;Target,pending,
Marchesa,Nordstrom;Bloomingdale's;Macy's,Amazon;Walmart;Target,pending,
Hervé Léger,Nordstrom;Bloomingdale's;Macy's,Amazon;Walmart;Target,pending,
Halpern,Nordstrom;Bloomingdale's;Macy's,Amazon;Walmart;Target,pending,
Naeem Khan,Nordstrom;Bloomingdale's;Macy's,Amazon;Walmart;Target,pending,
Carolina Herrera,Nordstrom;Bloomingdale's;Macy's,Amazon;Walmart;Target,pending,
Brandon Maxwell,Nordstrom;Bloomingdale's;Macy's,Amazon;Walmart;Target,pending,
Rodarte,Nordstrom;Bloomingdale's;Macy's,Amazon;Walmart;Target,pending,
Valentino Garavani,Nordstrom;Bloomingdale's;Macy's,Amazon;Walmart;Target,pending,
Monique Lhuillier,Nordstrom;Bloomingdale's;Macy's,Amazon;Walmart;Target,pending,
LaQuan Smith,Nordstrom;Bloomingdale's;Macy's,Amazon;Walmart;Target,pending,
Markarian,Nordstrom;Bloomingdale's;Macy's,Amazon;Walmart;Target,pending,
Alejandra Alonso Rojas,Nordstrom;Bloomingdale's;Macy's,Amazon;Walmart;Target,pending,
Aritzia,Nordstrom;Bloomingdale's;Macy's,Amazon;Walmart;Target,pending,
Reformation,Nordstrom;Bloomingdale's;Macy's,Amazon;Walmart;Target,pending,
Everlane,Nordstrom;Bloomingdale's;Macy's,Amazon;Walmart;Target,pending,
Theory,Nordstrom;Bloomingdale's;Macy's,Amazon;Walmart;Target,pending,
Vince,Nordstrom;Bloomingdale's;Macy's,Amazon;Walmart;Target,pending,
Rag & Bone,Nordstrom;Bloomingdale's;Macy's,Amazon;Walmart;Target,pending,
Mother,Nordstrom;Bloomingdale's;Macy's,Amazon;Walmart;Target,pending,
Frame,Nordstrom;Bloomingdale's;Macy's,Amazon;Walmart;Target,pending,
Joie,Nordstrom;Bloomingdale's;Macy's,Amazon;Walmart;Target,pending,
Rails,Nordstrom;Bloomingdale's;Macy's,Amazon;Walmart;Target,pending,
Free People,Nordstrom;Bloomingdale's;Macy's,Amazon;Walmart;Target,pending,
Anthropologie,Nordstrom;Bloomingdale's;Macy's,Amazon;Walmart;Target,pending,
Madewell,Nordstrom;Bloomingdale's;Macy's,Amazon;Walmart;Target,pending,
J.Crew,Nordstrom;Bloomingdale's;Macy's,Amazon;Walmart;Target,pending,
Banana Republic,Nordstrom;Bloomingdale's;Macy's,Amazon;Walmart;Target,pending,
Abercrombie,Nordstrom;Bloomingdale's;Macy's,Amazon;Walmart;Target,pending,
Aritzia Babaton,Nordstrom;Bloomingdale's;Macy's,Amazon;Walmart;Target,pending,
Aritzia Wilfred,Nordstrom;Bloomingdale's;Macy's,Amazon;Walmart;Target,pending,
Aritzia TNA,Nordstrom;Bloomingdale's;Macy's,Amazon;Walmart;Target,pending,
Aritzia Sunday Best,Nordstrom;Bloomingdale's;Macy's,Amazon;Walmart;Target,pending,
Alice + Olivia,Nordstrom;Bloomingdale's;Macy's,Amazon;Walmart;Target,pending,
Farm Rio,Nordstrom;Bloomingdale's;Macy's,Amazon;Walmart;Target,pending,
L'Agence,Nordstrom;Bloomingdale's;Macy's,Amazon;Walmart;Target,pending,
Veronica Beard,Nordstrom;Bloomingdale's;Macy's,Amazon;Walmart;Target,pending,
Amanda Uprichard,Nordstrom;Bloomingdale's;Macy's,Amazon;Walmart;Target,pending,
ASTR The Label,Nordstrom;Bloomingdale's;Macy's,Amazon;Walmart;Target,pending,
Bailey 44,Nordstrom;Bloomingdale's;Macy's,Amazon;Walmart;Target,pending,
BB Dakota,Nordstrom;Bloomingdale's;Macy's,Amazon;Walmart;Target,pending,
Bishop + Young,Nordstrom;Bloomingdale's;Macy's,Amazon;Walmart;Target,pending,
Bobeau,Nordstrom;Bloomingdale's;Macy's,Amazon;Walmart;Target,pending,
Bardot,Nordstrom;Bloomingdale's;Macy's,Amazon;Walmart;Target,pending,
Bec + Bridge,Nordstrom;Bloomingdale's;Macy's,Amazon;Walmart;Target,pending,
BOSS,Nordstrom;Bloomingdale's;Macy's,Amazon;Walmart;Target,pending,
Club Monaco,Nordstrom;Bloomingdale's;Macy's,Amazon;Walmart;Target,pending,
Coach,DSW;Zappos;Nordstrom;Macy's,Amazon;Walmart;Target,pending,
Diane von Furstenberg,Nordstrom;Bloomingdale's;Macy's,Amazon;Walmart;Target,pending,
DL1961,Nordstrom;Bloomingdale's;Macy's,Amazon;Walmart;Target,pending,
Donna Morgan,Nordstrom;Bloomingdale's;Macy's,Amazon;Walmart;Target,pending,
Eileen Fisher,Nordstrom;Bloomingdale's;Macy's,Amazon;Walmart;Target,pending,
Equipment,Nordstrom;Bloomingdale's;Macy's,Amazon;Walmart;Target,pending,
Frye,Nordstrom;Bloomingdale's;Macy's,Amazon;Walmart;Target,pending,
Generation Love,Nordstrom;Bloomingdale's;Macy's,Amazon;Walmart;Target,pending,
Halogen,Nordstrom;Bloomingdale's;Macy's,Amazon;Walmart;Target,pending,
Hutch,Nordstrom;Bloomingdale's;Macy's,Amazon;Walmart;Target,pending,
Keepsake,Nordstrom;Bloomingdale's;Macy's,Amazon;Walmart;Target,pending,
Lilly Pulitzer,Nordstrom;Bloomingdale's;Macy's,Amazon;Walmart;Target,pending,
Line & Dot,Nordstrom;Bloomingdale's;Macy's,Amazon;Walmart;Target,pending,
LoveShackFancy,Nordstrom;Bloomingdale's;Macy's,Amazon;Walmart;Target,pending,
Milly,Nordstrom;Bloomingdale's;Macy's,Amazon;Walmart;Target,pending,
Nicholas,Nordstrom;Bloomingdale's;Macy's,Amazon;Walmart;Target,pending,
Noir Kei Ninomiya,Nordstrom;Bloomingdale's;Macy's,Amazon;Walmart;Target,pending,
Parker,Nordstrom;Bloomingdale's;Macy's,Amazon;Walmart;Target,pending,
Rebecca Minkoff,Nordstrom;Bloomingdale's;Macy's,Amazon;Walmart;Target,pending,
RHODE,Nordstrom;Bloomingdale's;Macy's,Amazon;Walmart;Target,pending,
Sanctuary,Nordstrom;Bloomingdale's;Macy's,Amazon;Walmart;Target,pending,
SAYLOR,Nordstrom;Bloomingdale's;Macy's,Amazon;Walmart;Target,pending,
Sea,Nordstrom;Bloomingdale's;Macy's,Amazon;Walmart;Target,pending,
Shoshanna,Nordstrom;Bloomingdale's;Macy's,Amazon;Walmart;Target,pending,
SPLENDID,Nordstrom;Bloomingdale's;Macy's,Amazon;Walmart;Target,pending,
STAUD,Nordstrom;Bloomingdale's;Macy's,Amazon;Walmart;Target,pending,
Ted Baker,Nordstrom;Bloomingdale's;Macy's,Amazon;Walmart;Target,pending,
Trina Turk,Nordstrom;Bloomingdale's;Macy's,Amazon;Walmart;Target,pending,
Tuckernuck,Nordstrom;Bloomingdale's;Macy's,Amazon;Walmart;Target,pending,
Vince Camuto,Nordstrom;Bloomingdale's;Macy's,Amazon;Walmart;Target,pending,
Wayf,Nordstrom;Bloomingdale's;Macy's,Amazon;Walmart;Target,pending,
WHBM,Nordstrom;Bloomingdale's;Macy's,Amazon;Walmart;Target,pending,
Sam Edelman,DSW;Zappos;Nordstrom;Macy's,Amazon;Walmart;Target,pending,
Levi's,Walmart;Target;Amazon;Macy's,Amazon;Walmart;Target,pending,
Lucky Brand,Nordstrom;Bloomingdale's;Macy's,Amazon;Walmart;Target,pending,
Rebecca Taylor,Nordstrom;Bloomingdale's;Macy's,Amazon;Walmart;Target,pending,
Nanette Lepore,Nordstrom;Bloomingdale's;Macy's,Amazon;Walmart;Target,pending,
BCBGeneration,Nordstrom;Bloomingdale's;Macy's,Amazon;Walmart;Target,pending,
Adrianna Papell,Nordstrom;Bloomingdale's;Macy's,Amazon;Walmart;Target,pending,
Tahari,Nordstrom;Bloomingdale's;Macy's,Amazon;Walmart;Target,pending,
Calvin Klein,Walmart;Target;Amazon;Macy's,Amazon;Walmart;Target,pending,
Michael Kors,DSW;Zappos;Nordstrom;Macy's,Amazon;Walmart;Target,pending,
Lauren Ralph Lauren,Nordstrom;Bloomingdale's;Macy's,Amazon;Walmart;Target,pending,
Polo Ralph Lauren,Nordstrom;Bloomingdale's;Macy's,Amazon;Walmart;Target,pending,
Ralph Lauren,Nordstrom;Bloomingdale's;Macy's,Amazon;Walmart;Target,pending,
Tommy Hilfiger,Walmart;Target;Amazon;Macy's,Amazon;Walmart;Target,pending,
Kenneth Cole,Nordstrom;Bloomingdale's;Macy's,Amazon;Walmart;Target,pending,
Vero Moda,Nordstrom;Bloomingdale's;Macy's,Amazon;Walmart;Target,pending,
Only,Nordstrom;Bloomingdale's;Macy's,Amazon;Walmart;Target,pending,
Object,Nordstrom;Bloomingdale's;Macy's,Amazon;Walmart;Target,pending,
AllSaints,Nordstrom;Bloomingdale's;Macy's,Amazon;Walmart;Target,pending,
Topshop,Nordstrom;Bloomingdale's;Macy's,Amazon;Walmart;Target,pending,
Topman,Nordstrom;Bloomingdale's;Macy's,Amazon;Walmart;Target,pending,
River Island,Nordstrom;Bloomingdale's;Macy's,Amazon;Walmart;Target,pending,
French Connection,Nordstrom;Bloomingdale's;Macy's,Amazon;Walmart;Target,pending,
Zara,Nordstrom;Bloomingdale's;Macy's,Amazon;Walmart;Target,pending,
Zara Studio,Nordstrom;Bloomingdale's;Macy's,Amazon;Walmart;Target,pending,
H&M,Nordstrom;Bloomingdale's;Macy's,Amazon;Walmart;Target,pending,
COS,Nordstrom;Bloomingdale's;Macy's,Amazon;Walmart;Target,pending,
& Other Stories,Nordstrom;Bloomingdale's;Macy's,Amazon;Walmart;Target,pending,
Arket,Nordstrom;Bloomingdale's;Macy's,Amazon;Walmart;Target,pending,
Uniqlo,Nordstrom;Bloomingdale's;Macy's,Rakuten;Coupang;Shopee;Lazada,pending,
Massimo Dutti,Nordstrom;Bloomingdale's;Macy's,Amazon;Walmart;Target,pending,
Mango,Nordstrom;Bloomingdale's;Macy's,Amazon;Walmart;Target,pending,
Abercrombie & Fitch,Nordstrom;Bloomingdale's;Macy's,Amazon;Walmart;Target,pending,
Hollister,Nordstrom;Bloomingdale's;Macy's,Amazon;Walmart;Target,pending,
GAP,Nordstrom;Bloomingdale's;Macy's,Amazon;Walmart;Target,pending,
Old Navy,Nordstrom;Bloomingdale's;Macy's,Amazon;Walmart;Target,pending,
Athleta,Nordstrom;Bloomingdale's;Macy's,Amazon;Walmart;Target,pending,
Banana Republic Factory,Nordstrom;Bloomingdale's;Macy's,Amazon;Walmart;Target,pending,
J.Crew Factory,Nordstrom;Bloomingdale's;Macy's,Amazon;Walmart;Target,pending,
Madewell (J.Crew),Nordstrom;Bloomingdale's;Macy's,Amazon;Walmart;Target,pending,
Express,Nordstrom;Bloomingdale's;Macy's,Amazon;Walmart;Target,pending,
Ann Taylor,Nordstrom;Bloomingdale's;Macy's,Amazon;Walmart;Target,pending,
LOFT,Nordstrom;Bloomingdale's;Macy's,Amazon;Walmart;Target,pending,
Talbots,Nordstrom;Bloomingdale's;Macy's,Amazon;Walmart;Target,pending,
J.Jill,Nordstrom;Bloomingdale's;Macy's,Amazon;Walmart;Target,pending,
Chico's,Nordstrom;Bloomingdale's;Macy's,Amazon;Walmart;Target,pending,
White House Black Market,Nordstrom;Bloomingdale's;Macy's,Amazon;Walmart;Target,pending,
Akris Punto,Nordstrom;Bloomingdale's;Macy's,Amazon;Walmart;Target,pending,
Kate Spade New York,DSW;Zappos;Nordstrom;Macy's,Amazon;Walmart;Target,pending,
Furla,Nordstrom;Bloomingdale's;Macy's,Amazon;Walmart;Target,pending,
Longchamp,Nordstrom;Bloomingdale's;Macy's,Amazon;Walmart;Target,pending,
Fossil,Nordstrom;Bloomingdale's;Macy's,Amazon;Walmart;Target,pending,
Steve Madden,DSW;Zappos;Nordstrom;Macy's,Amazon;Walmart;Target,pending,
Dolce Vita,DSW;Zappos;Nordstrom;Macy's,Amazon;Walmart;Target,pending,
Franco Sarto,DSW;Zappos;Nordstrom;Macy's,Amazon;Walmart;Target,pending,
Naturalizer,DSW;Zappos;Nordstrom;Macy's,Amazon;Walmart;Target,pending,
Nine West,DSW;Zappos;Nordstrom;Macy's,Amazon;Walmart;Target,pending,
Cole Haan,DSW;Zappos;Nordstrom;Macy's,Amazon;Walmart;Target,pending,
Stuart Weitzman,DSW;Zappos;Nordstrom;Macy's,Amazon;Walmart;Target,pending,
Schutz,DSW;Zappos;Nordstrom;Macy's,Amazon;Walmart;Target,pending,
Jeffrey Campbell,DSW;Zappos;Nordstrom;Macy's,Amazon;Walmart;Target,pending,
Marc Fisher,DSW;Zappos;Nordstrom;Macy's,Amazon;Walmart;Target,pending,
Aerosoles,Nordstrom;Bloomingdale's;Macy's,Amazon;Walmart;Target,pending,
Aldo,DSW;Zappos;Nordstrom;Macy's,Amazon;Walmart;Target,pending,
Anne Klein,Nordstrom;Bloomingdale's;Macy's,Amazon;Walmart;Target,pending,
Bandolino,Nordstrom;Bloomingdale's;Macy's,Amazon;Walmart;Target,pending,
Bzees,Nordstrom;Bloomingdale's;Macy's,Amazon;Walmart;Target,pending,
Carlos by Carlos Santana,Nordstrom;Bloomingdale's;Macy's,Amazon;Walmart;Target,pending,
Chinese Laundry,Nordstrom;Bloomingdale's;Macy's,Amazon;Walmart;Target,pending,
Clarks,DSW;Zappos;Nordstrom;Macy's,Amazon;Walmart;Target,pending,
Dr. Martens,DSW;Zappos;Nordstrom;Macy's,Amazon;Walmart;Target,pending,
Birkenstock,DSW;Zappos;Nordstrom;Macy's,Amazon;Walmart;Target,pending,
UGG,DSW;Zappos;Nordstrom;Macy's,Amazon;Walmart;Target,pending,
Vionic,DSW;Zappos;Nordstrom;Macy's,Amazon;Walmart;Target,pending,
Sorel,DSW;Zappos;Nordstrom;Macy's,Amazon;Walmart;Target,pending,
ECCO,DSW;Zappos;Nordstrom;Macy's,Amazon;Walmart;Target,pending,
Geox,Nordstrom;Bloomingdale's;Macy's,Amazon;Walmart;Target,pending,
Hush Puppies,Nordstrom;Bloomingdale's;Macy's,Amazon;Walmart;Target,pending,
J.Reneé,Nordstrom;Bloomingdale's;Macy's,Amazon;Walmart;Target,pending,
Jambu,Nordstrom;Bloomingdale's;Macy's,Amazon;Walmart;Target,pending,
Jessica Simpson,Nordstrom;Bloomingdale's;Macy's,Amazon;Walmart;Target,pending,
Journee Collection,Nordstrom;Bloomingdale's;Macy's,Amazon;Walmart;Target,pending,
Kurt Geiger,DSW;Zappos;Nordstrom;Macy's,Amazon;Walmart;Target,pending,
Miz Mooz,Nordstrom;Bloomingdale's;Macy's,Amazon;Walmart;Target,pending,
Matisse,Nordstrom;Bloomingdale's;Macy's,Amazon;Walmart;Target,pending,
Nisolo,Nordstrom;Bloomingdale's;Macy's,Amazon;Walmart;Target,pending,
Rothy's,DSW;Zappos;Nordstrom;Macy's,Amazon;Walmart;Target,pending,
Sanuk,Nordstrom;Bloomingdale's;Macy's,Amazon;Walmart;Target,pending,
Skechers (casual),Nordstrom;Bloomingdale's;Macy's,Amazon;Walmart;Target,pending,
Sperry,Nordstrom;Bloomingdale's;Macy's,Amazon;Walmart;Target,pending,
TOMS,Nordstrom;Bloomingdale's;Macy's,Amazon;Walmart;Target,pending,
Vans (casual),Nordstrom;Bloomingdale's;Macy's,Amazon;Walmart;Target,pending,
Veja,Nordstrom;Bloomingdale's;Macy's,Amazon;Walmart;Target,pending,
Walter Steiger,Nordstrom;Bloomingdale's;Macy's,Amazon;Walmart;Target,pending,
Bally,Saks;Neiman Marcus;Net-a-Porter;Mytheresa,,pending,
Kate Spade,Nordstrom;Bloomingdale's;Macy's,Amazon;Walmart;Target,pending,
Time and Tru,Walmart;Target;Amazon;Macy's,Amazon;Walmart;Target,pending,
No Boundaries,Walmart;Target;Amazon;Macy's,Amazon;Walmart;Target,pending,
Scoop,Walmart;Target;Amazon;Macy's,Amazon;Walmart;Target,pending,
Universal Thread,Walmart;Target;Amazon;Macy's,Amazon;Walmart;Target,pending,
A New Day,Walmart;Target;Amazon;Macy's,Amazon;Walmart;Target,pending,
Wild Fable,Walmart;Target;Amazon;Macy's,Amazon;Walmart;Target,pending,
Who What Wear,Walmart;Target;Amazon;Macy's,Amazon;Walmart;Target,pending,
Goodfellow & Co,Walmart;Target;Amazon;Macy's,Amazon;Walmart;Target,pending,
Knox Rose,Walmart;Target;Amazon;Macy's,Amazon;Walmart;Target,pending,
Ava & Viv,Walmart;Target;Amazon;Macy's,Amazon;Walmart;Target,pending,
New Day,Nordstrom;Bloomingdale's;Macy's,Amazon;Walmart;Target,pending,
Chaps,Walmart;Target;Amazon;Macy's,Amazon;Walmart;Target,pending,
Charter Club,Walmart;Target;Amazon;Macy's,Amazon;Walmart;Target,pending,
Charter Club Plus,Nordstrom;Bloomingdale's;Macy's,Amazon;Walmart;Target,pending,
INC International Concepts,Walmart;Target;Amazon;Macy's,Amazon;Walmart;Target,pending,
Style & Co,Walmart;Target;Amazon;Macy's,Amazon;Walmart;Target,pending,
Karen Scott,Walmart;Target;Amazon;Macy's,Amazon;Walmart;Target,pending,
Alfani,Walmart;Target;Amazon;Macy's,Amazon;Walmart;Target,pending,
JM Collection,Nordstrom;Bloomingdale's;Macy's,Amazon;Walmart;Target,pending,
Bar III,Nordstrom;Bloomingdale's;Macy's,Amazon;Walmart;Target,pending,
Lee,Walmart;Target;Amazon;Macy's,Amazon;Walmart;Target,pending,
Wrangler,Walmart;Target;Amazon;Macy's,Amazon;Walmart;Target,pending,
Dockers,Walmart;Target;Amazon;Macy's,Amazon;Walmart;Target,pending,
Champion,Walmart;Target;Amazon;Macy's,Amazon;Walmart;Target,pending,
Hanes,Walmart;Target;Amazon;Macy's,Amazon;Walmart;Target,pending,
Fruit of the Loom,Walmart;Target;Amazon;Macy's,Amazon;Walmart;Target,pending,
Van Heusen,Walmart;Target;Amazon;Macy's,Amazon;Walmart;Target,pending,
Izod,Walmart;Target;Amazon;Macy's,Amazon;Walmart;Target,pending,
DKNY,Nordstrom;Bloomingdale's;Macy's,Amazon;Walmart;Target,pending,
Nautica,Walmart;Target;Amazon;Macy's,Amazon;Walmart;Target,pending,
Guess,Walmart;Target;Amazon;Macy's,Amazon;Walmart;Target,pending,
Guess Originals,Nordstrom;Bloomingdale's;Macy's,Amazon;Walmart;Target,pending,
Bongo,Nordstrom;Bloomingdale's;Macy's,Amazon;Walmart;Target,pending,
Unionbay,Nordstrom;Bloomingdale's;Macy's,Amazon;Walmart;Target,pending,
Arizona Jeans,Nordstrom;Bloomingdale's;Macy's,Amazon;Walmart;Target,pending,
Sofia Vergara,Nordstrom;Bloomingdale's;Macy's,Amazon;Walmart;Target,pending,
Tru & Co,Nordstrom;Bloomingdale's;Macy's,Amazon;Walmart;Target,pending,
Faded Glory,Nordstrom;Bloomingdale's;Macy's,Amazon;Walmart;Target,pending,
Wilfred,Nordstrom;Bloomingdale's;Macy's,Amazon;Walmart;Target,pending,
Babaton,Nordstrom;Bloomingdale's;Macy's,Amazon;Walmart;Target,pending,
TNA,Nordstrom;Bloomingdale's;Macy's,Amazon;Walmart;Target,pending,
Sunday Best,Nordstrom;Bloomingdale's;Macy's,Amazon;Walmart;Target,pending,
Simons,Nordstrom;Bloomingdale's;Macy's,Amazon;Walmart;Target,pending,
RW&CO,Nordstrom;Bloomingdale's;Macy's,Amazon;Walmart;Target,pending,
Reitmans,Nordstrom;Bloomingdale's;Macy's,Amazon;Walmart;Target,pending,
Dynamite,Nordstrom;Bloomingdale's;Macy's,Amazon;Walmart;Target,pending,
Garage,Nordstrom;Bloomingdale's;Macy's,Amazon;Walmart;Target,pending,
Joe Fresh,Nordstrom;Bloomingdale's;Macy's,Amazon;Walmart;Target,pending,
Roots,Nordstrom;Bloomingdale's;Macy's,Amazon;Walmart;Target,pending,
Frank And Oak,Nordstrom;Bloomingdale's;Macy's,Amazon;Walmart;Target,pending,
Lululemon,Nordstrom;Bloomingdale's;Macy's,Amazon;Walmart;Target,pending,
Call It Spring,Nordstrom;Bloomingdale's;Macy's,Amazon;Walmart;Target,pending,
Pajar,Nordstrom;Bloomingdale's;Macy's,Amazon;Walmart;Target,pending,
Mackage,Nordstrom;Bloomingdale's;Macy's,Amazon;Walmart;Target,pending,
Canada Goose,Nordstrom;Bloomingdale's;Macy's,Amazon;Walmart;Target,pending,
Blondo,Nordstrom;Bloomingdale's;Macy's,Amazon;Walmart;Target,pending,
GU,Nordstrom;Bloomingdale's;Macy's,Rakuten;Coupang;Shopee;Lazada,pending,
Comme des Garcons,Nordstrom;Bloomingdale's;Macy's,Rakuten;Coupang;Shopee;Lazada,pending,
Issey Miyake,Nordstrom;Bloomingdale's;Macy's,Rakuten;Coupang;Shopee;Lazada,pending,
Sacai,Nordstrom;Bloomingdale's;Macy's,Rakuten;Coupang;Shopee;Lazada,pending,
Undercover,Nordstrom;Bloomingdale's;Macy's,Amazon;Walmart;Target,pending,
Yohji Yamamoto,Nordstrom;Bloomingdale's;Macy's,Rakuten;Coupang;Shopee;Lazada,pending,
Junya Watanabe,Nordstrom;Bloomingdale's;Macy's,Rakuten;Coupang;Shopee;Lazada,pending,
Beams,Nordstrom;Bloomingdale's;Macy's,Rakuten;Coupang;Shopee;Lazada,pending,
United Arrows,Nordstrom;Bloomingdale's;Macy's,Rakuten;Coupang;Shopee;Lazada,pending,
Iena,Nordstrom;Bloomingdale's;Macy's,Amazon;Walmart;Target,pending,
Snidel,Nordstrom;Bloomingdale's;Macy's,Amazon;Walmart;Target,pending,
Mila Owen,Nordstrom;Bloomingdale's;Macy's,Amazon;Walmart;Target,pending,
Urban Research,Nordstrom;Bloomingdale's;Macy's,Amazon;Walmart;Target,pending,
Nano Universe,Nordstrom;Bloomingdale's;Macy's,Amazon;Walmart;Target,pending,
Adam et Rope,Nordstrom;Bloomingdale's;Macy's,Amazon;Walmart;Target,pending,
FRAY I.D,Nordstrom;Bloomingdale's;Macy's,Amazon;Walmart;Target,pending,
Lily Brown,Nordstrom;Bloomingdale's;Macy's,Amazon;Walmart;Target,pending,
Earth Music & Ecology,Nordstrom;Bloomingdale's;Macy's,Amazon;Walmart;Target,pending,
Lowrys Farm,Nordstrom;Bloomingdale's;Macy's,Amazon;Walmart;Target,pending,
Tsumori Chisato,Nordstrom;Bloomingdale's;Macy's,Amazon;Walmart;Target,pending,
Vis,Nordstrom;Bloomingdale's;Macy's,Amazon;Walmart;Target,pending,
Rope Picnic,Nordstrom;Bloomingdale's;Macy's,Amazon;Walmart;Target,pending,
A Bathing Ape (BAPE),Nordstrom;Bloomingdale's;Macy's,Amazon;Walmart;Target,pending,
Onitsuka Tiger,Nordstrom;Bloomingdale's;Macy's,Amazon;Walmart;Target,pending,
Andar,Nordstrom;Bloomingdale's;Macy's,Amazon;Walmart;Target,pending,
8Seconds,Nordstrom;Bloomingdale's;Macy's,Rakuten;Coupang;Shopee;Lazada,pending,
Stylenanda,Nordstrom;Bloomingdale's;Macy's,Amazon;Walmart;Target,pending,
Chuu,Nordstrom;Bloomingdale's;Macy's,Amazon;Walmart;Target,pending,
Mixxmix,Nordstrom;Bloomingdale's;Macy's,Amazon;Walmart;Target,pending,
Spao,Nordstrom;Bloomingdale's;Macy's,Rakuten;Coupang;Shopee;Lazada,pending,
Topten,Nordstrom;Bloomingdale's;Macy's,Amazon;Walmart;Target,pending,
Musinsa Standard,Nordstrom;Bloomingdale's;Macy's,Rakuten;Coupang;Shopee;Lazada,pending,
KIRSH,Nordstrom;Bloomingdale's;Macy's,Rakuten;Coupang;Shopee;Lazada,pending,
NERDY,Nordstrom;Bloomingdale's;Macy's,Amazon;Walmart;Target,pending,
Beyond Closet,Nordstrom;Bloomingdale's;Macy's,Amazon;Walmart;Target,pending,
Juun.J,Nordstrom;Bloomingdale's;Macy's,Rakuten;Coupang;Shopee;Lazada,pending,
Ader Error,Nordstrom;Bloomingdale's;Macy's,Rakuten;Coupang;Shopee;Lazada,pending,
Pushbutton,Nordstrom;Bloomingdale's;Macy's,Amazon;Walmart;Target,pending,
Low Classic,Nordstrom;Bloomingdale's;Macy's,Rakuten;Coupang;Shopee;Lazada,pending,
Recto,Nordstrom;Bloomingdale's;Macy's,Rakuten;Coupang;Shopee;Lazada,pending,
Andersson Bell,Nordstrom;Bloomingdale's;Macy's,Rakuten;Coupang;Shopee;Lazada,pending,
Gentle Monster,Nordstrom;Bloomingdale's;Macy's,Rakuten;Coupang;Shopee;Lazada,pending,
Wiggle Wiggle,Nordstrom;Bloomingdale's;Macy's,Amazon;Walmart;Target,pending,
The Iconic,Nordstrom;Bloomingdale's;Macy's,Amazon;Walmart;Target,pending,
Seed Heritage,Nordstrom;Bloomingdale's;Macy's,Rakuten;Coupang;Shopee;Lazada,pending,
Witchery,Nordstrom;Bloomingdale's;Macy's,Rakuten;Coupang;Shopee;Lazada,pending,
Country Road,Nordstrom;Bloomingdale's;Macy's,Rakuten;Coupang;Shopee;Lazada,pending,
Scanlan Theodore,Nordstrom;Bloomingdale's;Macy's,Amazon;Walmart;Target,pending,
Camilla and Marc,Nordstrom;Bloomingdale's;Macy's,Amazon;Walmart;Target,pending,
Saba,Nordstrom;Bloomingdale's;Macy's,Rakuten;Coupang;Shopee;Lazada,pending,
Forever New,Nordstrom;Bloomingdale's;Macy's,Rakuten;Coupang;Shopee;Lazada,pending,
Cue,Nordstrom;Bloomingdale's;Macy's,Rakuten;Coupang;Shopee;Lazada,pending,
David Jones,Nordstrom;Bloomingdale's;Macy's,Rakuten;Coupang;Shopee;Lazada,pending,
Myer,Nordstrom;Bloomingdale's;Macy's,Rakuten;Coupang;Shopee;Lazada,pending,
The Label by C,Nordstrom;Bloomingdale's;Macy's,Amazon;Walmart;Target,pending,
Mossman,Nordstrom;Bloomingdale's;Macy's,Amazon;Walmart;Target,pending,
Lulu & Rose,Nordstrom;Bloomingdale's;Macy's,Amazon;Walmart;Target,pending,
The Fated,Nordstrom;Bloomingdale's;Macy's,Amazon;Walmart;Target,pending,
Review Australia,Nordstrom;Bloomingdale's;Macy's,Amazon;Walmart;Target,pending,
Reiss,Nordstrom;Bloomingdale's;Macy's,Amazon;Walmart;Target,pending,
Hobbs,Nordstrom;Bloomingdale's;Macy's,Amazon;Walmart;Target,pending,
Whistles,Nordstrom;Bloomingdale's;Macy's,Amazon;Walmart;Target,pending,
Karen Millen,Nordstrom;Bloomingdale's;Macy's,Amazon;Walmart;Target,pending,
Hush,Nordstrom;Bloomingdale's;Macy's,Amazon;Walmart;Target,pending,
Phase Eight,Nordstrom;Bloomingdale's;Macy's,Amazon;Walmart;Target,pending,
Ghost,Nordstrom;Bloomingdale's;Macy's,Amazon;Walmart;Target,pending,
L.K.Bennett,Nordstrom;Bloomingdale's;Macy's,Amazon;Walmart;Target,pending,
American Eagle,Nordstrom;Bloomingdale's;Macy's,Amazon;Walmart;Target,pending,
Urban Outfitters,Nordstrom;Bloomingdale's;Macy's,Amazon;Walmart;Target,pending,
Revolve,Nordstrom;Bloomingdale's;Macy's,Amazon;Walmart;Target,pending,
Lulus,Nordstrom;Bloomingdale's;Macy's,Amazon;Walmart;Target,pending,
ASOS,Nordstrom;Bloomingdale's;Macy's,Amazon;Walmart;Target,pending,
Boohoo (avoid?),Nordstrom;Bloomingdale's;Macy's,Amazon;Walmart;Target,pending,
Missguided (avoid?),Nordstrom;Bloomingdale's;Macy's,Amazon;Walmart;Target,pending,
Sezane,Nordstrom;Bloomingdale's;Macy's,Amazon;Walmart;Target,pending,
Rouje,Nordstrom;Bloomingdale's;Macy's,Amazon;Walmart;Target,pending,
Polene,Nordstrom;Bloomingdale's;Macy's,Amazon;Walmart;Target,pending,
Alohas,Nordstrom;Bloomingdale's;Macy's,Amazon;Walmart;Target,pending,
On,Nordstrom;Bloomingdale's;Macy's,Amazon;Walmart;Target,pending,
Badgley Mischka,Nordstrom;Bloomingdale's;Macy's,Amazon;Walmart;Target,pending,
BCBGMAXAZRIA,Nordstrom;Bloomingdale's;Macy's,Amazon;Walmart;Target,pending,
Vera Wang,Nordstrom;Bloomingdale's;Macy's,Amazon;Walmart;Target,pending,
Marc Jacobs,Nordstrom;Bloomingdale's;Macy's,Amazon;Walmart;Target,pending,
MARC JACOBS,Nordstrom;Bloomingdale's;Macy's,Amazon;Walmart;Target,pending,
Loeffler Randall,Nordstrom;Bloomingdale's;Macy's,Amazon;Walmart;Target,pending,
Samantha Pleet,Nordstrom;Bloomingdale's;Macy's,Amazon;Walmart;Target,pending,
Sister Jane,Nordstrom;Bloomingdale's;Macy's,Amazon;Walmart;Target,pending,
Sea New York,Nordstrom;Bloomingdale's;Macy's,Amazon;Walmart;Target,pending,
Saylor,Nordstrom;Bloomingdale's;Macy's,Amazon;Walmart;Target,pending,
Elie Tahari,Nordstrom;Bloomingdale's;Macy's,Amazon;Walmart;Target,pending,
Splendid,Nordstrom;Bloomingdale's;Macy's,Amazon;Walmart;Target,pending,
Velvet by Graham,Nordstrom;Bloomingdale's;Macy's,Amazon;Walmart;Target,pending,
Paige,Nordstrom;Bloomingdale's;Macy's,Amazon;Walmart;Target,pending,
AG,Nordstrom;Bloomingdale's;Macy's,Amazon;Walmart;Target,pending,
Hudson Jeans,Nordstrom;Bloomingdale's;Macy's,Amazon;Walmart;Target,pending,
Citizens of Humanity,Nordstrom;Bloomingdale's;Macy's,Amazon;Walmart;Target,pending,
7 For All Mankind,Nordstrom;Bloomingdale's;Macy's,Amazon;Walmart;Target,pending,
Alexia Admor,Nordstrom;Bloomingdale's;Macy's,Amazon;Walmart;Target,pending,
Amsale,Nordstrom;Bloomingdale's;Macy's,Amazon;Walmart;Target,pending,
Aviator Nation,Nordstrom;Bloomingdale's;Macy's,Amazon;Walmart;Target,pending,
Banjanan,Nordstrom;Bloomingdale's;Macy's,Amazon;Walmart;Target,pending,
Batsheva,Nordstrom;Bloomingdale's;Macy's,Amazon;Walmart;Target,pending,
Bevza,Nordstrom;Bloomingdale's;Macy's,Amazon;Walmart;Target,pending,
Black Halo,Nordstrom;Bloomingdale's;Macy's,Amazon;Walmart;Target,pending,
BLANKNYC,Nordstrom;Bloomingdale's;Macy's,Amazon;Walmart;Target,pending,
Cami NYC,Nordstrom;Bloomingdale's;Macy's,Amazon;Walmart;Target,pending,
Caroline Constas,Nordstrom;Bloomingdale's;Macy's,Amazon;Walmart;Target,pending,
Cecilie Bahnsen,Nordstrom;Bloomingdale's;Macy's,Amazon;Walmart;Target,pending,
Chiara Boni La Petite Robe,Nordstrom;Bloomingdale's;Macy's,Amazon;Walmart;Target,pending,
Cleobella,Nordstrom;Bloomingdale's;Macy's,Amazon;Walmart;Target,pending,
Cortland Park,Nordstrom;Bloomingdale's;Macy's,Amazon;Walmart;Target,pending,
Derek Lam 10 Crosby,Nordstrom;Bloomingdale's;Macy's,Amazon;Walmart;Target,pending,
Dion Lee,Nordstrom;Bloomingdale's;Macy's,Amazon;Walmart;Target,pending,
Dodo Bar Or,Nordstrom;Bloomingdale's;Macy's,Amazon;Walmart;Target,pending,
Draper James,Nordstrom;Bloomingdale's;Macy's,Amazon;Walmart;Target,pending,
E.L.V. Denim,Nordstrom;Bloomingdale's;Macy's,Amazon;Walmart;Target,pending,
Fame and Partners,Nordstrom;Bloomingdale's;Macy's,Amazon;Walmart;Target,pending,
Fleur du Mal,Nordstrom;Bloomingdale's;Macy's,Amazon;Walmart;Target,pending,
Galvan,Nordstrom;Bloomingdale's;Macy's,Amazon;Walmart;Target,pending,
Ginger & Smart,Nordstrom;Bloomingdale's;Macy's,Amazon;Walmart;Target,pending,
House of Harlow 1960,Nordstrom;Bloomingdale's;Macy's,Amazon;Walmart;Target,pending,
Hunter Bell,Nordstrom;Bloomingdale's;Macy's,Amazon;Walmart;Target,pending,
Ingrid & Isabel,Nordstrom;Bloomingdale's;Macy's,Amazon;Walmart;Target,pending,
Jenni Kayne,Nordstrom;Bloomingdale's;Macy's,Amazon;Walmart;Target,pending,
Kobi Halperin,Nordstrom;Bloomingdale's;Macy's,Amazon;Walmart;Target,pending,
Lafayette 148,Nordstrom;Bloomingdale's;Macy's,Amazon;Walmart;Target,pending,
LNA,Nordstrom;Bloomingdale's;Macy's,Amazon;Walmart;Target,pending,
LOU.LOU,Nordstrom;Bloomingdale's;Macy's,Amazon;Walmart;Target,pending,
Loulou Studio,Nordstrom;Bloomingdale's;Macy's,Amazon;Walmart;Target,pending,
Mac Duggal,Nordstrom;Bloomingdale's;Macy's,Amazon;Walmart;Target,pending,
Manning Cartell,Nordstrom;Bloomingdale's;Macy's,Amazon;Walmart;Target,pending,
Matin,Nordstrom;Bloomingdale's;Macy's,Amazon;Walmart;Target,pending,
MISOOK,Nordstrom;Bloomingdale's;Macy's,Amazon;Walmart;Target,pending,
Needle & Thread,Nordstrom;Bloomingdale's;Macy's,Amazon;Walmart;Target,pending,
PatBo,Nordstrom;Bloomingdale's;Macy's,Amazon;Walmart;Target,pending,
REISS,Nordstrom;Bloomingdale's;Macy's,Amazon;Walmart;Target,pending,
Rejina Pyo,Nordstrom;Bloomingdale's;Macy's,Amazon;Walmart;Target,pending,
Rixo,Nordstrom;Bloomingdale's;Macy's,Amazon;Walmart;Target,pending,
Rossi,Nordstrom;Bloomingdale's;Macy's,Amazon;Walmart;Target,pending,
Rotate,Nordstrom;Bloomingdale's;Macy's,Amazon;Walmart;Target,pending,
Sandra Weil,Nordstrom;Bloomingdale's;Macy's,Amazon;Walmart;Target,pending,
Serengeti,Nordstrom;Bloomingdale's;Macy's,Amazon;Walmart;Target,pending,
Shona Joy,Nordstrom;Bloomingdale's;Macy's,Amazon;Walmart;Target,pending,
Significant Other,Nordstrom;Bloomingdale's;Macy's,Amazon;Walmart;Target,pending,
Stine Goya,Nordstrom;Bloomingdale's;Macy's,Amazon;Walmart;Target,pending,
Susana Monaco,Nordstrom;Bloomingdale's;Macy's,Amazon;Walmart;Target,pending,
Tibi,Nordstrom;Bloomingdale's;Macy's,Amazon;Walmart;Target,pending,
Wandler,Nordstrom;Bloomingdale's;Macy's,Amazon;Walmart;Target,pending,
Zadig & Voltaire,Nordstrom;Bloomingdale's;Macy's,Amazon;Walmart;Target,pending,
3.1 Phillip Lim,Nordstrom;Bloomingdale's;Macy's,Amazon;Walmart;Target,pending,
A.P.C.,Nordstrom;Bloomingdale's;Macy's,Amazon;Walmart;Target,pending,
Agolde,Nordstrom;Bloomingdale's;Macy's,Amazon;Walmart;Target,pending,
Akris,Nordstrom;Bloomingdale's;Macy's,Amazon;Walmart;Target,pending,
Baum und Pferdgarten,Nordstrom;Bloomingdale's;Macy's,Amazon;Walmart;Target,pending,
Bella Dahl,Nordstrom;Bloomingdale's;Macy's,Amazon;Walmart;Target,pending,
Camilla,Nordstrom;Bloomingdale's;Macy's,Amazon;Walmart;Target,pending,
Céline,Nordstrom;Bloomingdale's;Macy's,Amazon;Walmart;Target,pending,
Emporio Armani,Nordstrom;Bloomingdale's;Macy's,Amazon;Walmart;Target,pending,
Hugo,Nordstrom;Bloomingdale's;Macy's,Amazon;Walmart;Target,pending,
J Brand,Nordstrom;Bloomingdale's;Macy's,Amazon;Walmart;Target,pending,
Marella,Nordstrom;Bloomingdale's;Macy's,Amazon;Walmart;Target,pending,
Missoni,Nordstrom;Bloomingdale's;Macy's,Amazon;Walmart;Target,pending,
PINKO,Nordstrom;Bloomingdale's;Macy's,Amazon;Walmart;Target,pending,
R13,Nordstrom;Bloomingdale's;Macy's,Amazon;Walmart;Target,pending,
See by Chloe,Nordstrom;Bloomingdale's;Macy's,Amazon;Walmart;Target,pending,
St. John,Saks;Neiman Marcus;Net-a-Porter;Mytheresa,,pending,
Wacoal,Nordstrom;Bloomingdale's;Macy's,Amazon;Walmart;Target,pending,
Bibi Lou,Nordstrom;Bloomingdale's;Macy's,Amazon;Walmart;Target,pending,
Charles & Keith,Nordstrom;Bloomingdale's;Macy's,Amazon;Walmart;Target,pending,
Eytys,Nordstrom;Bloomingdale's;Macy's,Amazon;Walmart;Target,pending,
Gabor,Nordstrom;Bloomingdale's;Macy's,Amazon;Walmart;Target,pending,
Hogl,Nordstrom;Bloomingdale's;Macy's,Amazon;Walmart;Target,pending,
Jonak,Nordstrom;Bloomingdale's;Macy's,Amazon;Walmart;Target,pending,
Kelsi Dagger,Nordstrom;Bloomingdale's;Macy's,Amazon;Walmart;Target,pending,
Pedro,Nordstrom;Bloomingdale's;Macy's,Amazon;Walmart;Target,pending,
Repetto,DSW;Zappos;Nordstrom;Macy's,Amazon;Walmart;Target,pending,
Ariat,DSW;Zappos;Nordstrom;Macy's,Amazon;Walmart;Target,pending,
Blundstone,DSW;Zappos;Nordstrom;Macy's,Amazon;Walmart;Target,pending,
Dansko,DSW;Zappos;Nordstrom;Macy's,Amazon;Walmart;Target,pending,
Josef Seibel,DSW;Zappos;Nordstrom;Macy's,Amazon;Walmart;Target,pending,
Tadashi Shoji,Nordstrom;Bloomingdale's;Macy's,Amazon;Walmart;Target,pending,
Dress the Population,Nordstrom;Bloomingdale's;Macy's,Amazon;Walmart;Target,pending,
Eliza J,Nordstrom;Bloomingdale's;Macy's,Amazon;Walmart;Target,pending,
Theia,Nordstrom;Bloomingdale's;Macy's,Amazon;Walmart;Target,pending,
Sachin & Babi,Nordstrom;Bloomingdale's;Macy's,Amazon;Walmart;Target,pending,
Marchesa Notte,Nordstrom;Bloomingdale's;Macy's,Amazon;Walmart;Target,pending,
Donna Karan,Nordstrom;Bloomingdale's;Macy's,Amazon;Walmart;Target,pending,
Ellen Tracy,Nordstrom;Bloomingdale's;Macy's,Amazon;Walmart;Target,pending,
Jones New York,Nordstrom;Bloomingdale's;Macy's,Amazon;Walmart;Target,pending,
Kasper,Nordstrom;Bloomingdale's;Macy's,Amazon;Walmart;Target,pending,
Kensie,Nordstrom;Bloomingdale's;Macy's,Amazon;Walmart;Target,pending,
Laundry by Shelli Segal,Nordstrom;Bloomingdale's;Macy's,Amazon;Walmart;Target,pending,
Max Studio,Nordstrom;Bloomingdale's;Macy's,Amazon;Walmart;Target,pending,
Tahari ASL,Nordstrom;Bloomingdale's;Macy's,Amazon;Walmart;Target,pending,
Bebe,Nordstrom;Bloomingdale's;Macy's,Amazon;Walmart;Target,pending,
Bobi,Nordstrom;Bloomingdale's;Macy's,Amazon;Walmart;Target,pending,
Helmut Lang,Nordstrom;Bloomingdale's;Macy's,Amazon;Walmart;Target,pending,
Velvet by Graham & Spencer,Nordstrom;Bloomingdale's;Macy's,Amazon;Walmart;Target,pending,
Donald J. Pliner,Nordstrom;Bloomingdale's;Macy's,Amazon;Walmart;Target,pending,
Easy Spirit,Nordstrom;Bloomingdale's;Macy's,Amazon;Walmart;Target,pending,
FitFlop,Nordstrom;Bloomingdale's;Macy's,Amazon;Walmart;Target,pending,
Jack Rogers,Nordstrom;Bloomingdale's;Macy's,Amazon;Walmart;Target,pending,
Kork-Ease,Nordstrom;Bloomingdale's;Macy's,Amazon;Walmart;Target,pending,
Mephisto,Nordstrom;Bloomingdale's;Macy's,Amazon;Walmart;Target,pending,
Naot,Nordstrom;Bloomingdale's;Macy's,Amazon;Walmart;Target,pending,
Paul Green,Nordstrom;Bloomingdale's;Macy's,Amazon;Walmart;Target,pending,
Rockport,Nordstrom;Bloomingdale's;Macy's,Amazon;Walmart;Target,pending,
SAS,DSW;Zappos;Nordstrom;Macy's,Amazon;Walmart;Target,pending,
Skechers,Nordstrom;Bloomingdale's;Macy's,Amazon;Walmart;Target,pending,
Spring Step,Nordstrom;Bloomingdale's;Macy's,Amazon;Walmart;Target,pending,
Teva,Nordstrom;Bloomingdale's;Macy's,Amazon;Walmart;Target,pending,
UNISA,DSW;Zappos;Nordstrom;Macy's,Amazon;Walmart;Target,pending,
Vans,Nordstrom;Bloomingdale's;Macy's,Amazon;Walmart;Target,pending,
Vuori,Nordstrom;Bloomingdale's;Macy's,Amazon;Walmart;Target,pending,
Alo Yoga,Nordstrom;Bloomingdale's;Macy's,Amazon;Walmart;Target,pending,
Acne Studios,Nordstrom;Bloomingdale's;Macy's,Amazon;Walmart;Target,pending,
Alberta Ferretti,Nordstrom;Bloomingdale's;Macy's,Amazon;Walmart;Target,pending,
Ann Demeulemeester,Nordstrom;Bloomingdale's;Macy's,Amazon;Walmart;Target,pending,
Antik Batik,Nordstrom;Bloomingdale's;Macy's,Amazon;Walmart;Target,pending,
Aspinal of London,Nordstrom;Bloomingdale's;Macy's,Amazon;Walmart;Target,pending,
Benedetta Bruzziches,Nordstrom;Bloomingdale's;Macy's,Amazon;Walmart;Target,pending,
Blumarine,Nordstrom;Bloomingdale's;Macy's,Amazon;Walmart;Target,pending,
Boglioli,Nordstrom;Bloomingdale's;Macy's,Amazon;Walmart;Target,pending,
Bvlgari,Nordstrom;Bloomingdale's;Macy's,Amazon;Walmart;Target,pending,
Canali,Saks;Neiman Marcus;Net-a-Porter;Mytheresa,,pending,
Casadei,Nordstrom;Bloomingdale's;Macy's,Amazon;Walmart;Target,pending,
Cefinn,Nordstrom;Bloomingdale's;Macy's,Amazon;Walmart;Target,pending,
Coccinelle,Nordstrom;Bloomingdale's;Macy's,Amazon;Walmart;Target,pending,
Comme des Garcons Play,Nordstrom;Bloomingdale's;Macy's,Amazon;Walmart;Target,pending,
Diesel,Nordstrom;Bloomingdale's;Macy's,Amazon;Walmart;Target,pending,
Dsquared2,Nordstrom;Bloomingdale's;Macy's,Amazon;Walmart;Target,pending,
Dundas,Nordstrom;Bloomingdale's;Macy's,Amazon;Walmart;Target,pending,
ERDEM,Nordstrom;Bloomingdale's;Macy's,Amazon;Walmart;Target,pending,
Fabiana Filippi,Nordstrom;Bloomingdale's;Macy's,Amazon;Walmart;Target,pending,
Giuseppe Zanotti,Nordstrom;Bloomingdale's;Macy's,Amazon;Walmart;Target,pending,
Golden Goose,Nordstrom;Bloomingdale's;Macy's,Amazon;Walmart;Target,pending,
Hermes,Saks;Neiman Marcus;Net-a-Porter;Mytheresa,,pending,
Herno,Nordstrom;Bloomingdale's;Macy's,Amazon;Walmart;Target,pending,
Isabel Marant Etoile,Nordstrom;Bloomingdale's;Macy's,Amazon;Walmart;Target,pending,
Issey Miyake Pleats Please,Nordstrom;Bloomingdale's;Macy's,Amazon;Walmart;Target,pending,
Karl Lagerfeld,Nordstrom;Bloomingdale's;Macy's,Amazon;Walmart;Target,pending,
Kenzo,Nordstrom;Bloomingdale's;Macy's,Amazon;Walmart;Target,pending,
Lacoste,Nordstrom;Bloomingdale's;Macy's,Amazon;Walmart;Target,pending,
Louis Vuitton,Nordstrom;Bloomingdale's;Macy's,Amazon;Walmart;Target,pending,
Maison Kitsune,Nordstrom;Bloomingdale's;Macy's,Amazon;Walmart;Target,pending,
Moschino,Nordstrom;Bloomingdale's;Macy's,Amazon;Walmart;Target,pending,
N21,Nordstrom;Bloomingdale's;Macy's,Amazon;Walmart;Target,pending,
Off-White,Nordstrom;Bloomingdale's;Macy's,Amazon;Walmart;Target,pending,
Palm Angels,Nordstrom;Bloomingdale's;Macy's,Amazon;Walmart;Target,pending,
Philosophy di Lorenzo Serafini,Nordstrom;Bloomingdale's;Macy's,Amazon;Walmart;Target,pending,
Prabal Gurung,Nordstrom;Bloomingdale's;Macy's,Amazon;Walmart;Target,pending,
Ralph Lauren Purple Label,Nordstrom;Bloomingdale's;Macy's,Amazon;Walmart;Target,pending,
REDValentino,Nordstrom;Bloomingdale's;Macy's,Amazon;Walmart;Target,pending,
Rene Caovilla,Nordstrom;Bloomingdale's;Macy's,Amazon;Walmart;Target,pending,
The Vampire's Wife,Nordstrom;Bloomingdale's;Macy's,Amazon;Walmart;Target,pending,
Tom Ford,Saks;Neiman Marcus;Net-a-Porter;Mytheresa,,pending,
Vanessa Bruno,Nordstrom;Bloomingdale's;Macy's,Amazon;Walmart;Target,pending,
Vivetta,Nordstrom;Bloomingdale's;Macy's,Amazon;Walmart;Target,pending,
Y/Project,Nordstrom;Bloomingdale's;Macy's,Amazon;Walmart;Target,pending,
Yves Salomon,Nordstrom;Bloomingdale's;Macy's,Amazon;Walmart;Target,pending,
Ami Paris,Nordstrom;Bloomingdale's;Macy's,Amazon;Walmart;Target,pending,
Aq/Aq,Nordstrom;Bloomingdale's;Macy's,Amazon;Walmart;Target,pending,
Bralette Co,Nordstrom;Bloomingdale's;Macy's,Amazon;Walmart;Target,pending,
Brixton,Nordstrom;Bloomingdale's;Macy's,Amazon;Walmart;Target,pending,
Colorush,Nordstrom;Bloomingdale's;Macy's,Amazon;Walmart;Target,pending,
Cosabella,Nordstrom;Bloomingdale's;Macy's,Amazon;Walmart;Target,pending,
Cynthia Rowley,Nordstrom;Bloomingdale's;Macy's,Amazon;Walmart;Target,pending,
Derek Lam,Nordstrom;Bloomingdale's;Macy's,Amazon;Walmart;Target,pending,
Doen,Nordstrom;Bloomingdale's;Macy's,Amazon;Walmart;Target,pending,
Eberjey,Nordstrom;Bloomingdale's;Macy's,Amazon;Walmart;Target,pending,
Equipment Femme,Nordstrom;Bloomingdale's;Macy's,Amazon;Walmart;Target,pending,
Faherty,Nordstrom;Bloomingdale's;Macy's,Amazon;Walmart;Target,pending,
Frame Denim,Nordstrom;Bloomingdale's;Macy's,Amazon;Walmart;Target,pending,
G-Star RAW,Nordstrom;Bloomingdale's;Macy's,Amazon;Walmart;Target,pending,
Good American,Nordstrom;Bloomingdale's;Macy's,Amazon;Walmart;Target,pending,
Grlfrnd,Nordstrom;Bloomingdale's;Macy's,Amazon;Walmart;Target,pending,
House of Sunny,Nordstrom;Bloomingdale's;Macy's,Amazon;Walmart;Target,pending,
James Perse,Nordstrom;Bloomingdale's;Macy's,Amazon;Walmart;Target,pending,
Koral,Nordstrom;Bloomingdale's;Macy's,Amazon;Walmart;Target,pending,
Levi's Premium,Nordstrom;Bloomingdale's;Macy's,Amazon;Walmart;Target,pending,
Margo,Nordstrom;Bloomingdale's;Macy's,Amazon;Walmart;Target,pending,
Michael Stars,Nordstrom;Bloomingdale's;Macy's,Amazon;Walmart;Target,pending,
MINKPINK,Nordstrom;Bloomingdale's;Macy's,Amazon;Walmart;Target,pending,
Nasty Gal (avoid?),Nordstrom;Bloomingdale's;Macy's,Amazon;Walmart;Target,pending,
Natori,Nordstrom;Bloomingdale's;Macy's,Amazon;Walmart;Target,pending,
New Balance (deprioritize),Nordstrom;Bloomingdale's;Macy's,Amazon;Walmart;Target,pending,
Noon Goons,Nordstrom;Bloomingdale's;Macy's,Amazon;Walmart;Target,pending,
Norma Kamali,Nordstrom;Bloomingdale's;Macy's,Amazon;Walmart;Target,pending,
Nudie Jeans,Nordstrom;Bloomingdale's;Macy's,Amazon;Walmart;Target,pending,
Outerknown,Nordstrom;Bloomingdale's;Macy's,Amazon;Walmart;Target,pending,
Pistola,Nordstrom;Bloomingdale's;Macy's,Amazon;Walmart;Target,pending,
Richer Poorer,Nordstrom;Bloomingdale's;Macy's,Amazon;Walmart;Target,pending,
RTA,Nordstrom;Bloomingdale's;Macy's,Amazon;Walmart;Target,pending,
Sablyn,Nordstrom;Bloomingdale's;Macy's,Amazon;Walmart;Target,pending,
Samsoe Samsoe,Nordstrom;Bloomingdale's;Macy's,Amazon;Walmart;Target,pending,
Sandro Paris,Nordstrom;Bloomingdale's;Macy's,Amazon;Walmart;Target,pending,
Sundry,Nordstrom;Bloomingdale's;Macy's,Amazon;Walmart;Target,pending,
Xirena,Nordstrom;Bloomingdale's;Macy's,Amazon;Walmart;Target,pending,
Z Supply,Nordstrom;Bloomingdale's;Macy's,Amazon;Walmart;Target,pending,
Alex Perry,Nordstrom;Bloomingdale's;Macy's,Amazon;Walmart;Target,pending,
Alexis,Nordstrom;Bloomingdale's;Macy's,Amazon;Walmart;Target,pending,
Bardot Junior,Nordstrom;Bloomingdale's;Macy's,Amazon;Walmart;Target,pending,
Bronx and Banco,Nordstrom;Bloomingdale's;Macy's,Amazon;Walmart;Target,pending,
Dessy,Nordstrom;Bloomingdale's;Macy's,Amazon;Walmart;Target,pending,
Ieena for Mac Duggal,Nordstrom;Bloomingdale's;Macy's,Amazon;Walmart;Target,pending,
Jay Godfrey,Nordstrom;Bloomingdale's;Macy's,Amazon;Walmart;Target,pending,
Kay Unger,Nordstrom;Bloomingdale's;Macy's,Amazon;Walmart;Target,pending,
La Femme,Nordstrom;Bloomingdale's;Macy's,Amazon;Walmart;Target,pending,
Likely,Nordstrom;Bloomingdale's;Macy's,Amazon;Walmart;Target,pending,
Nicole Miller,Nordstrom;Bloomingdale's;Macy's,Amazon;Walmart;Target,pending,
Renata,Nordstrom;Bloomingdale's;Macy's,Amazon;Walmart;Target,pending,
Yumi Kim,Nordstrom;Bloomingdale's;Macy's,Amazon;Walmart;Target,pending,
Baden,Nordstrom;Bloomingdale's;Macy's,Amazon;Walmart;Target,pending,
Bamboo,Nordstrom;Bloomingdale's;Macy's,Amazon;Walmart;Target,pending,
Bearpaw,Nordstrom;Bloomingdale's;Macy's,Amazon;Walmart;Target,pending,
Bernardo,Nordstrom;Bloomingdale's;Macy's,Amazon;Walmart;Target,pending,
Betsey Johnson,Nordstrom;Bloomingdale's;Macy's,Amazon;Walmart;Target,pending,
Bogs,Nordstrom;Bloomingdale's;Macy's,Amazon;Walmart;Target,pending,
Born,Nordstrom;Bloomingdale's;Macy's,Amazon;Walmart;Target,pending,
Camper,Nordstrom;Bloomingdale's;Macy's,Amazon;Walmart;Target,pending,
Comfortiva,Nordstrom;Bloomingdale's;Macy's,Amazon;Walmart;Target,pending,
Crevo,Nordstrom;Bloomingdale's;Macy's,Amazon;Walmart;Target,pending,
Cynthia Vincent,Nordstrom;Bloomingdale's;Macy's,Amazon;Walmart;Target,pending,
Dingo,Nordstrom;Bloomingdale's;Macy's,Amazon;Walmart;Target,pending,
Django & Juliette,Nordstrom;Bloomingdale's;Macy's,Amazon;Walmart;Target,pending,
Dr. Scholl's,Nordstrom;Bloomingdale's;Macy's,Amazon;Walmart;Target,pending,
Dune London,Nordstrom;Bloomingdale's;Macy's,Amazon;Walmart;Target,pending,
Earth,Nordstrom;Bloomingdale's;Macy's,Amazon;Walmart;Target,pending,
Ecco,Nordstrom;Bloomingdale's;Macy's,Amazon;Walmart;Target,pending,
Fergie,Nordstrom;Bloomingdale's;Macy's,Amazon;Walmart;Target,pending,
Fergalicious,Nordstrom;Bloomingdale's;Macy's,Amazon;Walmart;Target,pending,
Gentle Souls,Nordstrom;Bloomingdale's;Macy's,Amazon;Walmart;Target,pending,
Gioseppo,Nordstrom;Bloomingdale's;Macy's,Amazon;Walmart;Target,pending,
Gola,Nordstrom;Bloomingdale's;Macy's,Amazon;Walmart;Target,pending,
Good American Shoes,DSW;Zappos;Nordstrom;Macy's,Amazon;Walmart;Target,pending,
Guess Footwear,DSW;Zappos;Nordstrom;Macy's,Amazon;Walmart;Target,pending,
Hunter,Nordstrom;Bloomingdale's;Macy's,Amazon;Walmart;Target,pending,
Ipanema,Nordstrom;Bloomingdale's;Macy's,Amazon;Walmart;Target,pending,
Johnston & Murphy,Nordstrom;Bloomingdale's;Macy's,Amazon;Walmart;Target,pending,
Kaanas,Nordstrom;Bloomingdale's;Macy's,Amazon;Walmart;Target,pending,
Keds,DSW;Zappos;Nordstrom;Macy's,Amazon;Walmart;Target,pending,
La Canadienne,DSW;Zappos;Nordstrom;Macy's,Amazon;Walmart;Target,pending,
Lifestride,Nordstrom;Bloomingdale's;Macy's,Amazon;Walmart;Target,pending,
Madden Girl,Nordstrom;Bloomingdale's;Macy's,Amazon;Walmart;Target,pending,
Melissa,Nordstrom;Bloomingdale's;Macy's,Amazon;Walmart;Target,pending,
MIA,Nordstrom;Bloomingdale's;Macy's,Amazon;Walmart;Target,pending,
Minnetonka,Nordstrom;Bloomingdale's;Macy's,Amazon;Walmart;Target,pending,
Pikolinos,DSW;Zappos;Nordstrom;Macy's,Amazon;Walmart;Target,pending,
Puma (deprioritize),Nordstrom;Bloomingdale's;Macy's,Amazon;Walmart;Target,pending,
Reef,Nordstrom;Bloomingdale's;Macy's,Amazon;Walmart;Target,pending,
Reebok (deprioritize),Nordstrom;Bloomingdale's;Macy's,Amazon;Walmart;Target,pending,
Rieker,Nordstrom;Bloomingdale's;Macy's,Amazon;Walmart;Target,pending,
Ryka,Nordstrom;Bloomingdale's;Macy's,Amazon;Walmart;Target,pending,
Saucony (deprioritize),Nordstrom;Bloomingdale's;Macy's,Amazon;Walmart;Target,pending,
Taos,DSW;Zappos;Nordstrom;Macy's,Amazon;Walmart;Target,pending,
Topo Designs (deprioritize),Nordstrom;Bloomingdale's;Macy's,Amazon;Walmart;Target,pending,
Wolky,Nordstrom;Bloomingdale's;Macy's,Amazon;Walmart;Target,pending,
Asics (casual),Nordstrom;Bloomingdale's;Macy's,Amazon;Walmart;Target,pending,
Alex Evenings,Nordstrom;Bloomingdale's;Macy's,Amazon;Walmart;Target,pending,
Aidan Mattox,Nordstrom;Bloomingdale's;Macy's,Amazon;Walmart;Target,pending,
Alex Marie,Nordstrom;Bloomingdale's;Macy's,Amazon;Walmart;Target,pending,
Ali & Jay,Nordstrom;Bloomingdale's;Macy's,Amazon;Walmart;Target,pending,
ALEXANDER by Daymor,Nordstrom;Bloomingdale's;Macy's,Amazon;Walmart;Target,pending,
Alto Milano,Nordstrom;Bloomingdale's;Macy's,Amazon;Walmart;Target,pending,
Anne Fontaine,Nordstrom;Bloomingdale's;Macy's,Amazon;Walmart;Target,pending,
Antonio Melani,Nordstrom;Bloomingdale's;Macy's,Amazon;Walmart;Target,pending,
Antonio Melani Studio,Nordstrom;Bloomingdale's;Macy's,Amazon;Walmart;Target,pending,
Antonio Melani Black Label,Nordstrom;Bloomingdale's;Macy's,Amazon;Walmart;Target,pending,
Armani Exchange,Nordstrom;Bloomingdale's;Macy's,Amazon;Walmart;Target,pending,
Ash,Nordstrom;Bloomingdale's;Macy's,Amazon;Walmart;Target,pending,
Aspiga,Nordstrom;Bloomingdale's;Macy's,Amazon;Walmart;Target,pending,
B. Darlin,Nordstrom;Bloomingdale's;Macy's,Amazon;Walmart;Target,pending,
BASLER,Nordstrom;Bloomingdale's;Macy's,Amazon;Walmart;Target,pending,
Belle Badgley Mischka,Nordstrom;Bloomingdale's;Macy's,Amazon;Walmart;Target,pending,
Bobi Los Angeles,Nordstrom;Bloomingdale's;Macy's,Amazon;Walmart;Target,pending,
BOSS Orange,Nordstrom;Bloomingdale's;Macy's,Amazon;Walmart;Target,pending,
BOSS Black,Nordstrom;Bloomingdale's;Macy's,Amazon;Walmart;Target,pending,
Bristols 6,Nordstrom;Bloomingdale's;Macy's,Amazon;Walmart;Target,pending,
By Anthropologie,Nordstrom;Bloomingdale's;Macy's,Amazon;Walmart;Target,pending,
Cabi,Nordstrom;Bloomingdale's;Macy's,Amazon;Walmart;Target,pending,
Calvin Klein Collection,Nordstrom;Bloomingdale's;Macy's,Amazon;Walmart;Target,pending,
Cecilia Prado,Nordstrom;Bloomingdale's;Macy's,Amazon;Walmart;Target,pending,
Cecil,Nordstrom;Bloomingdale's;Macy's,Amazon;Walmart;Target,pending,
Cecico,Nordstrom;Bloomingdale's;Macy's,Amazon;Walmart;Target,pending,
CeCe,Nordstrom;Bloomingdale's;Macy's,Amazon;Walmart;Target,pending,
Cezanne,Nordstrom;Bloomingdale's;Macy's,Amazon;Walmart;Target,pending,
Clu,Nordstrom;Bloomingdale's;Macy's,Amazon;Walmart;Target,pending,
Commando,Nordstrom;Bloomingdale's;Macy's,Amazon;Walmart;Target,pending,
Dannie and Jo,Nordstrom;Bloomingdale's;Macy's,Amazon;Walmart;Target,pending,
DL1961 Premium Denim,Nordstrom;Bloomingdale's;Macy's,Amazon;Walmart;Target,pending,
Donna Karan Collection,Nordstrom;Bloomingdale's;Macy's,Amazon;Walmart;Target,pending,
Dress The Population,Nordstrom;Bloomingdale's;Macy's,Amazon;Walmart;Target,pending,
DVF,Nordstrom;Bloomingdale's;Macy's,Amazon;Walmart;Target,pending,
Eileen Fisher Renew,Nordstrom;Bloomingdale's;Macy's,Amazon;Walmart;Target,pending,
Eloquii,Nordstrom;Bloomingdale's;Macy's,Amazon;Walmart;Target,pending,
En Saison,Nordstrom;Bloomingdale's;Macy's,Amazon;Walmart;Target,pending,
Fifteen Twenty,Nordstrom;Bloomingdale's;Macy's,Amazon;Walmart;Target,pending,
French Connection Denim,Nordstrom;Bloomingdale's;Macy's,Amazon;Walmart;Target,pending,
Fuzzi,Nordstrom;Bloomingdale's;Macy's,Amazon;Walmart;Target,pending,
Galvan London,Nordstrom;Bloomingdale's;Macy's,Amazon;Walmart;Target,pending,
Hanky Panky,Nordstrom;Bloomingdale's;Macy's,Amazon;Walmart;Target,pending,
Hobbs London,Nordstrom;Bloomingdale's;Macy's,Amazon;Walmart;Target,pending,
I.N.C.,Nordstrom;Bloomingdale's;Macy's,Amazon;Walmart;Target,pending,
Intermix,Nordstrom;Bloomingdale's;Macy's,Amazon;Walmart;Target,pending,
Jason Wu Grey,Nordstrom;Bloomingdale's;Macy's,Amazon;Walmart;Target,pending,
Jax,Nordstrom;Bloomingdale's;Macy's,Amazon;Walmart;Target,pending,
Jonny Cota,Nordstrom;Bloomingdale's;Macy's,Amazon;Walmart;Target,pending,
Joseph,Nordstrom;Bloomingdale's;Macy's,Amazon;Walmart;Target,pending,
Joseph Ribkoff,Nordstrom;Bloomingdale's;Macy's,Amazon;Walmart;Target,pending,
Keepsake the Label,Nordstrom;Bloomingdale's;Macy's,Amazon;Walmart;Target,pending,
Komarov,Nordstrom;Bloomingdale's;Macy's,Amazon;Walmart;Target,pending,
Lafayette 148 New York,Nordstrom;Bloomingdale's;Macy's,Amazon;Walmart;Target,pending,
L'AGENCE,Nordstrom;Bloomingdale's;Macy's,Amazon;Walmart;Target,pending,
Lela Rose,Nordstrom;Bloomingdale's;Macy's,Amazon;Walmart;Target,pending,
Lenny Niemeyer,Nordstrom;Bloomingdale's;Macy's,Amazon;Walmart;Target,pending,
Lise Charmel,Nordstrom;Bloomingdale's;Macy's,Amazon;Walmart;Target,pending,
LKBennett,Nordstrom;Bloomingdale's;Macy's,Amazon;Walmart;Target,pending,
LOVE MOSCHINO,Nordstrom;Bloomingdale's;Macy's,Amazon;Walmart;Target,pending,
Maje Paris,Nordstrom;Bloomingdale's;Macy's,Amazon;Walmart;Target,pending,
Marella Sport,Nordstrom;Bloomingdale's;Macy's,Amazon;Walmart;Target,pending,
Maria Lucia Hohan,Nordstrom;Bloomingdale's;Macy's,Amazon;Walmart;Target,pending,
Marina Rinaldi,Nordstrom;Bloomingdale's;Macy's,Amazon;Walmart;Target,pending,
Marmot,Nordstrom;Bloomingdale's;Macy's,Amazon;Walmart;Target,pending,
Milly Minis,Nordstrom;Bloomingdale's;Macy's,Amazon;Walmart;Target,pending,
Miss Me,Nordstrom;Bloomingdale's;Macy's,Amazon;Walmart;Target,pending,
Monica Vinader,Nordstrom;Bloomingdale's;Macy's,Amazon;Walmart;Target,pending,
Nina,Nordstrom;Bloomingdale's;Macy's,Amazon;Walmart;Target,pending,
Nina Ricci,Nordstrom;Bloomingdale's;Macy's,Amazon;Walmart;Target,pending,
Nicole Benisti,Nordstrom;Bloomingdale's;Macy's,Amazon;Walmart;Target,pending,
Nicole Miller Collection,Nordstrom;Bloomingdale's;Macy's,Amazon;Walmart;Target,pending,
O'Neill (casual),Nordstrom;Bloomingdale's;Macy's,Amazon;Walmart;Target,pending,
Onia,Nordstrom;Bloomingdale's;Macy's,Amazon;Walmart;Target,pending,
Paco Rabanne,Nordstrom;Bloomingdale's;Macy's,Amazon;Walmart;Target,pending,
Paige Denim,Nordstrom;Bloomingdale's;Macy's,Amazon;Walmart;Target,pending,
Parker Black,Nordstrom;Bloomingdale's;Macy's,Amazon;Walmart;Target,pending,
Patagonia (deprioritize),Nordstrom;Bloomingdale's;Macy's,Amazon;Walmart;Target,pending,
Peter Millar (casual),Nordstrom;Bloomingdale's;Macy's,Amazon;Walmart;Target,pending,
Piazza Sempione,Nordstrom;Bloomingdale's;Macy's,Amazon;Walmart;Target,pending,
Pinko,Nordstrom;Bloomingdale's;Macy's,Amazon;Walmart;Target,pending,
Prada Linea Rossa (deprioritize),Nordstrom;Bloomingdale's;Macy's,Amazon;Walmart;Target,pending,
Rene Lezard,Nordstrom;Bloomingdale's;Macy's,Amazon;Walmart;Target,pending,
Reiss London,Nordstrom;Bloomingdale's;Macy's,Amazon;Walmart;Target,pending,
Rene Ruiz,Nordstrom;Bloomingdale's;Macy's,Amazon;Walmart;Target,pending,
Rixo London,Nordstrom;Bloomingdale's;Macy's,Amazon;Walmart;Target,pending,
Robert Rodriguez,Nordstrom;Bloomingdale's;Macy's,Amazon;Walmart;Target,pending,
Saint Art,Nordstrom;Bloomingdale's;Macy's,Amazon;Walmart;Target,pending,
Sincerely Jules,Nordstrom;Bloomingdale's;Macy's,Amazon;Walmart;Target,pending,
Sky,Nordstrom;Bloomingdale's;Macy's,Amazon;Walmart;Target,pending,
Ted Baker London,Nordstrom;Bloomingdale's;Macy's,Amazon;Walmart;Target,pending,
Theory Luxe,Nordstrom;Bloomingdale's;Macy's,Amazon;Walmart;Target,pending,
Tularosa,Nordstrom;Bloomingdale's;Macy's,Amazon;Walmart;Target,pending,
Veronica Beard Jean,Nordstrom;Bloomingdale's;Macy's,Amazon;Walmart;Target,pending,
Vince Collection,Nordstrom;Bloomingdale's;Macy's,Amazon;Walmart;Target,pending,
Vince Shoes,DSW;Zappos;Nordstrom;Macy's,Amazon;Walmart;Target,pending,
Wardrobe.NYC,Nordstrom;Bloomingdale's;Macy's,Amazon;Walmart;Target,pending,
Wearable Stories,Nordstrom;Bloomingdale's;Macy's,Amazon;Walmart;Target,pending,
Yigal Azrouel,Nordstrom;Bloomingdale's;Macy's,Amazon;Walmart;Target,pending,
Aetrex,Nordstrom;Bloomingdale's;Macy's,Amazon;Walmart;Target,pending,
Alegria,Nordstrom;Bloomingdale's;Macy's,Amazon;Walmart;Target,pending,
Baretraps,Nordstrom;Bloomingdale's;Macy's,Amazon;Walmart;Target,pending,
Carvela,Nordstrom;Bloomingdale's;Macy's,Amazon;Walmart;Target,pending,
Castañer,Nordstrom;Bloomingdale's;Macy's,Amazon;Walmart;Target,pending,
Circus by Sam Edelman,Nordstrom;Bloomingdale's;Macy's,Amazon;Walmart;Target,pending,
Cobb Hill,Nordstrom;Bloomingdale's;Macy's,Amazon;Walmart;Target,pending,
Cole Haan Generation,Nordstrom;Bloomingdale's;Macy's,Amazon;Walmart;Target,pending,
Corso Como,Nordstrom;Bloomingdale's;Macy's,Amazon;Walmart;Target,pending,
Florsheim,Nordstrom;Bloomingdale's;Macy's,Amazon;Walmart;Target,pending,
G.H. Bass,Nordstrom;Bloomingdale's;Macy's,Amazon;Walmart;Target,pending,
GEOX,Nordstrom;Bloomingdale's;Macy's,Amazon;Walmart;Target,pending,
GH Bass,Nordstrom;Bloomingdale's;Macy's,Amazon;Walmart;Target,pending,
Goorin Bros,Nordstrom;Bloomingdale's;Macy's,Amazon;Walmart;Target,pending,
Havaianas,Nordstrom;Bloomingdale's;Macy's,Amazon;Walmart;Target,pending,
Hey Dude,Nordstrom;Bloomingdale's;Macy's,Amazon;Walmart;Target,pending,
J. Reneé,Nordstrom;Bloomingdale's;Macy's,Amazon;Walmart;Target,pending,
JBU by Jambu,Nordstrom;Bloomingdale's;Macy's,Amazon;Walmart;Target,pending,
Keen,DSW;Zappos;Nordstrom;Macy's,Amazon;Walmart;Target,pending,
Lucky Brand Footwear,DSW;Zappos;Nordstrom;Macy's,Amazon;Walmart;Target,pending,
NeroGiardini,Nordstrom;Bloomingdale's;Macy's,Amazon;Walmart;Target,pending,
Sofft,DSW;Zappos;Nordstrom;Macy's,Amazon;Walmart;Target,pending,
Trotters,DSW;Zappos;Nordstrom;Macy's,Amazon;Walmart;Target,pending,
Ugg Australia,Nordstrom;Bloomingdale's;Macy's,Amazon;Walmart;Target,pending,
Fray I.D,Nordstrom;Bloomingdale's;Macy's,Amazon;Walmart;Target,pending,
URBAN RESEARCH,Nordstrom;Bloomingdale's;Macy's,Amazon;Walmart;Target,pending,
Abound,Nordstrom;Bloomingdale's;Macy's,Amazon;Walmart;Target,pending,
Aventura,Nordstrom;Bloomingdale's;Macy's,Amazon;Walmart;Target,pending,
Carly Jean Los Angeles,Nordstrom;Bloomingdale's;Macy's,Amazon;Walmart;Target,pending,
CeCe by Cynthia Steffe,Nordstrom;Bloomingdale's;Macy's,Amazon;Walmart;Target,pending,
Daniel Rainn,Nordstrom;Bloomingdale's;Macy's,Amazon;Walmart;Target,pending,
Dex,Nordstrom;Bloomingdale's;Macy's,Amazon;Walmart;Target,pending,
Dolan,Nordstrom;Bloomingdale's;Macy's,Amazon;Walmart;Target,pending,
Donna Karan New York,Nordstrom;Bloomingdale's;Macy's,Amazon;Walmart;Target,pending,
Dylan by True Grit,Nordstrom;Bloomingdale's;Macy's,Amazon;Walmart;Target,pending,
Enza Costa,Nordstrom;Bloomingdale's;Macy's,Amazon;Walmart;Target,pending,
Gibson,Nordstrom;Bloomingdale's;Macy's,Amazon;Walmart;Target,pending,
Gibsonlook,Nordstrom;Bloomingdale's;Macy's,Amazon;Walmart;Target,pending,
Grayson Threads,Nordstrom;Bloomingdale's;Macy's,Amazon;Walmart;Target,pending,
Halston Heritage,Nordstrom;Bloomingdale's;Macy's,Amazon;Walmart;Target,pending,
Hatch,Nordstrom;Bloomingdale's;Macy's,Amazon;Walmart;Target,pending,
Hinge,Nordstrom;Bloomingdale's;Macy's,Amazon;Walmart;Target,pending,
Jade,Nordstrom;Bloomingdale's;Macy's,Amazon;Walmart;Target,pending,
Johnny Was,Nordstrom;Bloomingdale's;Macy's,Amazon;Walmart;Target,pending,
KUT from the Kloth,Nordstrom;Bloomingdale's;Macy's,Amazon;Walmart;Target,pending,
Karl Lagerfeld Paris,Nordstrom;Bloomingdale's;Macy's,Amazon;Walmart;Target,pending,
Knitted Belle,Nordstrom;Bloomingdale's;Macy's,Amazon;Walmart;Target,pending,
Lilla P,Nordstrom;Bloomingdale's;Macy's,Amazon;Walmart;Target,pending,
Liverpool,Nordstrom;Bloomingdale's;Macy's,Amazon;Walmart;Target,pending,
Maison Jules,Nordstrom;Bloomingdale's;Macy's,Amazon;Walmart;Target,pending,
Maurices,Nordstrom;Bloomingdale's;Macy's,Amazon;Walmart;Target,pending,
Mavi,Nordstrom;Bloomingdale's;Macy's,Amazon;Walmart;Target,pending,
Mod-o-doc,Nordstrom;Bloomingdale's;Macy's,Amazon;Walmart;Target,pending,
Nally & Millie,Nordstrom;Bloomingdale's;Macy's,Amazon;Walmart;Target,pending,
New York & Company,Nordstrom;Bloomingdale's;Macy's,Amazon;Walmart;Target,pending,
Nic + Zoe,Nordstrom;Bloomingdale's;Macy's,Amazon;Walmart;Target,pending,
Nordstrom Collection,Nordstrom;Bloomingdale's;Macy's,Amazon;Walmart;Target,pending,
Nordstrom Signature,Nordstrom;Bloomingdale's;Macy's,Amazon;Walmart;Target,pending,
NYDJ,Nordstrom;Bloomingdale's;Macy's,Amazon;Walmart;Target,pending,
One Teaspoon,Nordstrom;Bloomingdale's;Macy's,Amazon;Walmart;Target,pending,
Project Social T,Nordstrom;Bloomingdale's;Macy's,Amazon;Walmart;Target,pending,
Public Desire,Nordstrom;Bloomingdale's;Macy's,Amazon;Walmart;Target,pending,
Renee C,Nordstrom;Bloomingdale's;Macy's,Amazon;Walmart;Target,pending,
Robert Barakett,Nordstrom;Bloomingdale's;Macy's,Amazon;Walmart;Target,pending,
Skies Are Blue,Nordstrom;Bloomingdale's;Macy's,Amazon;Walmart;Target,pending,
Spanx,Nordstrom;Bloomingdale's;Macy's,Amazon;Walmart;Target,pending,
Steve Madden Apparel,Nordstrom;Bloomingdale's;Macy's,Amazon;Walmart;Target,pending,
Suno,Nordstrom;Bloomingdale's;Macy's,Amazon;Walmart;Target,pending,
Tart,Nordstrom;Bloomingdale's;Macy's,Amazon;Walmart;Target,pending,
Tart Collections,Nordstrom;Bloomingdale's;Macy's,Amazon;Walmart;Target,pending,
Theory 38,Nordstrom;Bloomingdale's;Macy's,Amazon;Walmart;Target,pending,
Trouve,Nordstrom;Bloomingdale's;Macy's,Amazon;Walmart;Target,pending,
UGG Apparel,Nordstrom;Bloomingdale's;Macy's,Amazon;Walmart;Target,pending,
Vince Camuto Apparel,Nordstrom;Bloomingdale's;Macy's,Amazon;Walmart;Target,pending,
Violet,Nordstrom;Bloomingdale's;Macy's,Amazon;Walmart;Target,pending,
Vintage Havana,Nordstrom;Bloomingdale's;Macy's,Amazon;Walmart;Target,pending,
West Kei,Nordstrom;Bloomingdale's;Macy's,Amazon;Walmart;Target,pending,
Zella (deprioritize),Nordstrom;Bloomingdale's;Macy's,Amazon;Walmart;Target,pending,
Aimee Kestenberg,Nordstrom;Bloomingdale's;Macy's,Amazon;Walmart;Target,pending,
Amalfi by Rangoni,Nordstrom;Bloomingdale's;Macy's,Amazon;Walmart;Target,pending,
Anne Klein Footwear,DSW;Zappos;Nordstrom;Macy's,Amazon;Walmart;Target,pending,
Bagatelle,Nordstrom;Bloomingdale's;Macy's,Amazon;Walmart;Target,pending,
Basset,Nordstrom;Bloomingdale's;Macy's,Amazon;Walmart;Target,pending,
Bebe Footwear,DSW;Zappos;Nordstrom;Macy's,Amazon;Walmart;Target,pending,
Bernardo 1946,Nordstrom;Bloomingdale's;Macy's,Amazon;Walmart;Target,pending,
Betsey Johnson Footwear,DSW;Zappos;Nordstrom;Macy's,Amazon;Walmart;Target,pending,
Bionica,Nordstrom;Bloomingdale's;Macy's,Amazon;Walmart;Target,pending,
Blackstone,Nordstrom;Bloomingdale's;Macy's,Amazon;Walmart;Target,pending,
Born Crown,Nordstrom;Bloomingdale's;Macy's,Amazon;Walmart;Target,pending,
Bruno Magli,Nordstrom;Bloomingdale's;Macy's,Amazon;Walmart;Target,pending,
Calvin Klein Footwear,DSW;Zappos;Nordstrom;Macy's,Amazon;Walmart;Target,pending,
Carvela Comfort,Nordstrom;Bloomingdale's;Macy's,Amazon;Walmart;Target,pending,
Casta,Nordstrom;Bloomingdale's;Macy's,Amazon;Walmart;Target,pending,
Charles David,Nordstrom;Bloomingdale's;Macy's,Amazon;Walmart;Target,pending,
Cole Haan Zerogrand,Nordstrom;Bloomingdale's;Macy's,Amazon;Walmart;Target,pending,
Cordani,Nordstrom;Bloomingdale's;Macy's,Amazon;Walmart;Target,pending,
Diba True,Nordstrom;Bloomingdale's;Macy's,Amazon;Walmart;Target,pending,
Dolce Vita Kids,Nordstrom;Bloomingdale's;Macy's,Amazon;Walmart;Target,pending,
Dolce Vita Shoes,DSW;Zappos;Nordstrom;Macy's,Amazon;Walmart;Target,pending,
Donald Pliner,Nordstrom;Bloomingdale's;Macy's,Amazon;Walmart;Target,pending,
Dv by Dolce Vita,Nordstrom;Bloomingdale's;Macy's,Amazon;Walmart;Target,pending,
Ecco Soft,Nordstrom;Bloomingdale's;Macy's,Amazon;Walmart;Target,pending,
Eric Michael,Nordstrom;Bloomingdale's;Macy's,Amazon;Walmart;Target,pending,
Fergie Footwear,DSW;Zappos;Nordstrom;Macy's,Amazon;Walmart;Target,pending,
Fitflop,Nordstrom;Bloomingdale's;Macy's,Amazon;Walmart;Target,pending,
G.H. Bass & Co.,Nordstrom;Bloomingdale's;Macy's,Amazon;Walmart;Target,pending,
Gabor Comfort,Nordstrom;Bloomingdale's;Macy's,Amazon;Walmart;Target,pending,
Geox Respira,Nordstrom;Bloomingdale's;Macy's,Amazon;Walmart;Target,pending,
Gentle Souls by Kenneth Cole,Nordstrom;Bloomingdale's;Macy's,Amazon;Walmart;Target,pending,
Gianni Bini,Nordstrom;Bloomingdale's;Macy's,Amazon;Walmart;Target,pending,
Giani Bernini,Nordstrom;Bloomingdale's;Macy's,Amazon;Walmart;Target,pending,
H by Hudson,Nordstrom;Bloomingdale's;Macy's,Amazon;Walmart;Target,pending,
Harley-Davidson Footwear,DSW;Zappos;Nordstrom;Macy's,Amazon;Walmart;Target,pending,
Hush Puppies Vintage,Nordstrom;Bloomingdale's;Macy's,Amazon;Walmart;Target,pending,
Jack Rogers Sandals,Nordstrom;Bloomingdale's;Macy's,Amazon;Walmart;Target,pending,
Jessica Simpson Shoes,DSW;Zappos;Nordstrom;Macy's,Amazon;Walmart;Target,pending,
JSlides,Nordstrom;Bloomingdale's;Macy's,Amazon;Walmart;Target,pending,
Kaanas Sandals,Nordstrom;Bloomingdale's;Macy's,Amazon;Walmart;Target,pending,
Kelsi Dagger Brooklyn,Nordstrom;Bloomingdale's;Macy's,Amazon;Walmart;Target,pending,
KORKS,Nordstrom;Bloomingdale's;Macy's,Amazon;Walmart;Target,pending,
La Canadienne Boots,Nordstrom;Bloomingdale's;Macy's,Amazon;Walmart;Target,pending,
Lucky Brand Shoes,DSW;Zappos;Nordstrom;Macy's,Amazon;Walmart;Target,pending,
Marc Fisher LTD,Nordstrom;Bloomingdale's;Macy's,Amazon;Walmart;Target,pending,
Michael Kors Collection,Nordstrom;Bloomingdale's;Macy's,Amazon;Walmart;Target,pending,
Miz Mooz Shoes,DSW;Zappos;Nordstrom;Macy's,Amazon;Walmart;Target,pending,
Musse & Cloud,Nordstrom;Bloomingdale's;Macy's,Amazon;Walmart;Target,pending,
Nina Originals,Nordstrom;Bloomingdale's;Macy's,Amazon;Walmart;Target,pending,
Nine West Shoes,DSW;Zappos;Nordstrom;Macy's,Amazon;Walmart;Target,pending,
OluKai,Nordstrom;Bloomingdale's;Macy's,Amazon;Walmart;Target,pending,
Onex,Nordstrom;Bloomingdale's;Macy's,Amazon;Walmart;Target,pending,
Paul Green Shoes,DSW;Zappos;Nordstrom;Macy's,Amazon;Walmart;Target,pending,
Pikolinos Shoes,DSW;Zappos;Nordstrom;Macy's,Amazon;Walmart;Target,pending,
Rag & Bone Footwear,DSW;Zappos;Nordstrom;Macy's,Amazon;Walmart;Target,pending,
Sam Edelman Footwear,DSW;Zappos;Nordstrom;Macy's,Amazon;Walmart;Target,pending,
SAS Shoes,DSW;Zappos;Nordstrom;Macy's,Amazon;Walmart;Target,pending,
Sofft Shoes,DSW;Zappos;Nordstrom;Macy's,Amazon;Walmart;Target,pending,
Sorel Footwear,DSW;Zappos;Nordstrom;Macy's,Amazon;Walmart;Target,pending,
Sperry Top-Sider,Nordstrom;Bloomingdale's;Macy's,Amazon;Walmart;Target,pending,
Steve Madden Shoes,DSW;Zappos;Nordstrom;Macy's,Amazon;Walmart;Target,pending,
Stuart Weitzman Shoes,DSW;Zappos;Nordstrom;Macy's,Amazon;Walmart;Target,pending,
Taryn Rose,Nordstrom;Bloomingdale's;Macy's,Amazon;Walmart;Target,pending,
Ted Baker Shoes,DSW;Zappos;Nordstrom;Macy's,Amazon;Walmart;Target,pending,
The Flexx,Nordstrom;Bloomingdale's;Macy's,Amazon;Walmart;Target,pending,
TOMS Shoes,DSW;Zappos;Nordstrom;Macy's,Amazon;Walmart;Target,pending,
Tory Burch Shoes,DSW;Zappos;Nordstrom;Macy's,Amazon;Walmart;Target,pending,
Vaneli,Nordstrom;Bloomingdale's;Macy's,Amazon;Walmart;Target,pending,
Vionic Shoes,DSW;Zappos;Nordstrom;Macy's,Amazon;Walmart;Target,pending,
Walking Cradles,Nordstrom;Bloomingdale's;Macy's,Amazon;Walmart;Target,pending,
Wonders,Nordstrom;Bloomingdale's;Macy's,Amazon;Walmart;Target,pending,
Yosi Samra,Nordstrom;Bloomingdale's;Macy's,Amazon;Walmart;Target,pending,
Agnona,Nordstrom;Bloomingdale's;Macy's,Amazon;Walmart;Target,pending,
Annabelle,Nordstrom;Bloomingdale's;Macy's,Amazon;Walmart;Target,pending,
Antler,Nordstrom;Bloomingdale's;Macy's,Amazon;Walmart;Target,pending,
Area,Nordstrom;Bloomingdale's;Macy's,Amazon;Walmart;Target,pending,
By Malene Birger,Nordstrom;Bloomingdale's;Macy's,Amazon;Walmart;Target,pending,
Christopher Esber,Nordstrom;Bloomingdale's;Macy's,Amazon;Walmart;Target,pending,
Co,Nordstrom;Bloomingdale's;Macy's,Amazon;Walmart;Target,pending,
Escada,Nordstrom;Bloomingdale's;Macy's,Amazon;Walmart;Target,pending,
Giambattista Valli,Nordstrom;Bloomingdale's;Macy's,Amazon;Walmart;Target,pending,
Koché,Nordstrom;Bloomingdale's;Macy's,Amazon;Walmart;Target,pending,
Markus Lupfer,Nordstrom;Bloomingdale's;Macy's,Amazon;Walmart;Target,pending,
Marina Moscone,Nordstrom;Bloomingdale's;Macy's,Amazon;Walmart;Target,pending,
Nensi Dojaka,Nordstrom;Bloomingdale's;Macy's,Amazon;Walmart;Target,pending,
Ronny Kobo,Nordstrom;Bloomingdale's;Macy's,Amazon;Walmart;Target,pending,
Siedres,Nordstrom;Bloomingdale's;Macy's,Amazon;Walmart;Target,pending,
Stella Jean,Nordstrom;Bloomingdale's;Macy's,Amazon;Walmart;Target,pending,
Cleo,Nordstrom;Bloomingdale's;Macy's,Amazon;Walmart;Target,pending,
Corey Lynn Calter,Nordstrom;Bloomingdale's;Macy's,Amazon;Walmart;Target,pending,
Gal Meets Glam,Nordstrom;Bloomingdale's;Macy's,Amazon;Walmart;Target,pending,
House of Harlow,Nordstrom;Bloomingdale's;Macy's,Amazon;Walmart;Target,pending,
Iro Paris,Nordstrom;Bloomingdale's;Macy's,Amazon;Walmart;Target,pending,
Kule,Nordstrom;Bloomingdale's;Macy's,Amazon;Walmart;Target,pending,
Rotate Birger Christensen,Nordstrom;Bloomingdale's;Macy's,Amazon;Walmart;Target,pending,
The Great,Nordstrom;Bloomingdale's;Macy's,Amazon;Walmart;Target,pending,
Jovani,Nordstrom;Bloomingdale's;Macy's,Amazon;Walmart;Target,pending,
AKRIS,Nordstrom;Bloomingdale's;Macy's,Amazon;Walmart;Target,pending,
BaubleBar,Nordstrom;Bloomingdale's;Macy's,Amazon;Walmart;Target,pending,
La Ligne,Nordstrom;Bloomingdale's;Macy's,Amazon;Walmart;Target,pending,
Simkhai,Nordstrom;Bloomingdale's;Macy's,Amazon;Walmart;Target,pending,
Ariella,Nordstrom;Bloomingdale's;Macy's,Amazon;Walmart;Target,pending,
Betsy & Adam,Nordstrom;Bloomingdale's;Macy's,Amazon;Walmart;Target,pending,
Brett Johnson,Nordstrom;Bloomingdale's;Macy's,Amazon;Walmart;Target,pending,
Chiara Boni,Nordstrom;Bloomingdale's;Macy's,Amazon;Walmart;Target,pending,
Clover Canyon,Nordstrom;Bloomingdale's;Macy's,Amazon;Walmart;Target,pending,
Elliatt,Nordstrom;Bloomingdale's;Macy's,Amazon;Walmart;Target,pending,
Gigi Burris,Nordstrom;Bloomingdale's;Macy's,Amazon;Walmart;Target,pending,
G.L.M. by LULU'S,Nordstrom;Bloomingdale's;Macy's,Amazon;Walmart;Target,pending,
Hyfve,Nordstrom;Bloomingdale's;Macy's,Amazon;Walmart;Target,pending,
Ieena,Nordstrom;Bloomingdale's;Macy's,Amazon;Walmart;Target,pending,
Kay Unger New York,Nordstrom;Bloomingdale's;Macy's,Amazon;Walmart;Target,pending,
Kiyonna,Nordstrom;Bloomingdale's;Macy's,Amazon;Walmart;Target,pending,
Lovers + Friends,Nordstrom;Bloomingdale's;Macy's,Amazon;Walmart;Target,pending,
Misha,Nordstrom;Bloomingdale's;Macy's,Amazon;Walmart;Target,pending,
Rachel Zoe,Nordstrom;Bloomingdale's;Macy's,Amazon;Walmart;Target,pending,
Sachin Babi,Nordstrom;Bloomingdale's;Macy's,Amazon;Walmart;Target,pending,
Show Me Your Mumu,Nordstrom;Bloomingdale's;Macy's,Amazon;Walmart;Target,pending,
Sleeper,Nordstrom;Bloomingdale's;Macy's,Amazon;Walmart;Target,pending,
Tulle,Nordstrom;Bloomingdale's;Macy's,Amazon;Walmart;Target,pending,
Walter Baker,Nordstrom;Bloomingdale's;Macy's,Amazon;Walmart;Target,pending,
Xscape,Nordstrom;Bloomingdale's;Macy's,Amazon;Walmart;Target,pending,
Zhivago,Nordstrom;Bloomingdale's;Macy's,Amazon;Walmart;Target,pending,
Zac Posen,Nordstrom;Bloomingdale's;Macy's,Amazon;Walmart;Target,pending,
Adrianna by Adrianna Papell,Nordstrom;Bloomingdale's;Macy's,Amazon;Walmart;Target,pending,
Alfred Dunner,Nordstrom;Bloomingdale's;Macy's,Amazon;Walmart;Target,pending,
B Darlin,Nordstrom;Bloomingdale's;Macy's,Amazon;Walmart;Target,pending,
Carmen Marc Valvo,Nordstrom;Bloomingdale's;Macy's,Amazon;Walmart;Target,pending,
Donna Ricco,Nordstrom;Bloomingdale's;Macy's,Amazon;Walmart;Target,pending,
Biltmore,Nordstrom;Bloomingdale's;Macy's,Amazon;Walmart;Target,pending,
Catherine Malandrino,Nordstrom;Bloomingdale's;Macy's,Amazon;Walmart;Target,pending,
Georgina Chapman,Nordstrom;Bloomingdale's;Macy's,Amazon;Walmart;Target,pending,
La DoubleJ,Nordstrom;Bloomingdale's;Macy's,Amazon;Walmart;Target,pending,
L'Wren Scott,Nordstrom;Bloomingdale's;Macy's,Amazon;Walmart;Target,pending,
Le Superbe,Nordstrom;Bloomingdale's;Macy's,Amazon;Walmart;Target,pending,
Monse,Nordstrom;Bloomingdale's;Macy's,Amazon;Walmart;Target,pending,
Paule Ka,Nordstrom;Bloomingdale's;Macy's,Amazon;Walmart;Target,pending,
Loro Piana,Saks;Neiman Marcus;Net-a-Porter;Mytheresa,,pending,
Kiton,Saks;Neiman Marcus;Net-a-Porter;Mytheresa,,pending,
Ermenegildo Zegna,Saks;Neiman Marcus;Net-a-Porter;Mytheresa,,pending,
Boden,Nordstrom;Bloomingdale's;Macy's,Amazon;Walmart;Target,pending,
