instagram_handle,source,ltk_signal,shopmy_signal,signal_source,signal_last_checked,other_shopping_link,other_shopping_link_type
Heyyy_Brittney,company.shopltk.com/brands,Unknown,Unknown,Linktree page,2026-02-03,https://linktr.ee/heyybrittney,Link-in-bio (Linktree)
christineleeee,company.shopltk.com/brands,Unknown,Unknown,Linktree page,2026-02-03,https://linktr.ee/christineleeee,Link-in-bio (Linktree) with Shop section
madisonquinnblog,company.shopltk.com/brands,Unknown,Unknown,Linktree page,2026-02-03,https://linktr.ee/madisonquinnblog,Link-in-bio (Linktree) (content not visible in snapshot)
JensGatheringNest,company.shopltk.com/brands,No (Public Bio),No (Public Bio),Socialveins bio,2026-02-03,Shop my posts (link unspecified in bio mirror),Shop my posts
greenssweethome,company.shopltk.com/brands,Unknown,Unknown,Socialveins bio (not found),2026-02-03,,Not Found (public bio mirror)
shelbyvert,company.shopltk.com/brands,No (Public Bio),No (Public Bio),Socialveins bio,2026-02-03,,None
stylepashion,company.shopltk.com/brands,No (Public Bio),No (Public Bio),Socialveins bio,2026-02-03,,None (public bio mirror)
kathleen_barnes,company.shopltk.com/brands,No (Public Bio),No (Public Bio),Socialveins bio,2026-02-03,,None (public bio mirror)
karinabtw,company.shopltk.com/brands,Yes (LTK Featured Creator),Unknown,LTK AI page,2026-02-03,,None (public profile)
michaelajacobs,company.shopltk.com/brands,Unknown,Unknown,Heepsy profile,2026-02-03,https://linktr.ee/michaelajacobs,Link-in-bio (Linktree)
chrislovesjulia,company.shopltk.com/en/ltk-rmn,Unknown,Unknown,ChrisLovesJulia.com,2026-02-03,Site includes shop sections (shop by room / products),Personal site with shop sections
nenaevans,company.shopltk.com/en/ltk-rmn,No (Public Bio),No (Public Bio),Socialveins bio,2026-02-03,Shop my looks (bio mentions),Shop my looks
sweetandpetite_,company.shopltk.com/en/ltk-rmn,Yes (LTK Profile),Unknown,LTK profile page,2026-02-03,https://www.shopltk.com/explore/sweetandpetite_,LTK profile
authentically.b,company.shopltk.com/en/ltk-rmn,Yes (LTK Featured Creator),Unknown,OnBrand Grow LTK page,2026-02-03,https://www.shopltk.com/explore/authentically.b,LTK profile
rachaelsgoodeats,company.shopltk.com/en/ltk-rmn,Yes (Public Site),No (Public Site),RachaelsGoodeats shop page,2026-02-03,Shop page includes Amazon storefront + Revolve favorites,Personal site shop page
blissfulhomedecor,company.shopltk.com/en/ltk-rmn,Yes (LTK Featured Creator),Unknown,LTK AI page,2026-02-03,Linktree (no shop links shown),Link-in-bio (Linktree) no shop links visible
caralynmirand,company.shopltk.com/en/ltk-rmn,Yes (LTK Featured Creator),No (Public Bio),LTK Campaigns page,2026-02-03,CaralynMirand.com (bio),Personal site
OutfitsForDudes,company.shopltk.com/en/ltk-rmn,Yes (LTK Featured Creator),Unknown,LTK AI page,2026-02-03,,
Josie Leinart,company.shopltk.com/en/ltk-rmn,Yes (LTK Featured Creator),Unknown,LTK AI page,2026-02-03,,
sweetteawithmadi,company.shopltk.com/en/ltk-rmn,Yes (LTK Featured Creator),Unknown,LTK AI page,2026-02-03,Linktree: shop my looks + Amazon storefront,Link-in-bio (Linktree) with shop links
DemarcusBsean,company.shopltk.com/en/ltk-rmn,Yes (LTK Featured Creator),Unknown,LTK Soiree page,2026-02-03,,
emma.arletta,company.shopltk.com/en/ltk-campaigns,Yes (LTK Featured Creator),Unknown,LTK Agencies & Affiliates page,2026-02-03,,
SloaneStephens,company.shopltk.com/en/ltk-campaigns,Yes (LTK Featured Creator),Unknown,LTK Campaigns page,2026-02-03,,
remijo,company.shopltk.com/en/ltk-campaigns,Yes (LTK Featured Creator),Unknown,LTK Campaigns page,2026-02-03,,
StreetandGentle,company.shopltk.com/en/ltk-campaigns,Yes (LTK Featured Creator),Unknown,LTK Campaigns page,2026-02-03,,
morganstewart,company.shopltk.com/en/ltk-campaigns,Yes (LTK Featured Creator),Unknown,LTK Agencies & Affiliates page,2026-02-03,,
jennalyons,company.shopltk.com/en/ltk-campaigns,Yes (LTK Featured Creator),Unknown,LTK Campaigns page,2026-02-03,,
Ciara_Miller,company.shopltk.com/en/ltk-campaigns,Yes (LTK Featured Creator),Unknown,LTK Agencies & Affiliates page,2026-02-03,,
kosta_williams,company.shopltk.com/en/ltk-ai,Yes (LTK Featured Creator),Unknown,LTK CTV page,2026-02-03,,
FashionLayn,company.shopltk.com/ltk-festival-box,Yes (LTK Featured Creator),Unknown,LTK Festival Box page,2026-02-03,,
signedwithatblog,company.shopltk.com/ltk-festival-box,Yes (LTK Featured Creator),Unknown,LTK Festival Box page,2026-02-03,,
tiabooth,company.shopltk.com/agencies-and-affiliates,Yes (LTK Featured Creator),Unknown,LTK Agencies & Affiliates page,2026-02-03,,
oliviaculpo,company.shopltk.com/agencies-and-affiliates,Yes (LTK Featured Creator),Unknown,LTK Agencies & Affiliates page,2026-02-03,,
nickyhilton,company.shopltk.com/agencies-and-affiliates,Yes (LTK Featured Creator),Unknown,LTK Agencies & Affiliates page,2026-02-03,,
miike.gee,company.shopltk.com/agencies-and-affiliates,Yes (LTK Featured Creator),Unknown,LTK Agencies & Affiliates page,2026-02-03,,
claudiaoshry,company.shopltk.com/agencies-and-affiliates,Yes (LTK Featured Creator),Unknown,LTK Agencies & Affiliates page,2026-02-03,,
guerdyfy_your_style,company.shopltk.com/agencies-and-affiliates,Yes (LTK Featured Creator),Unknown,LTK Agencies & Affiliates page,2026-02-03,,
Rachelshea_,company.shopltk.com/agencies-and-affiliates,Yes (LTK Featured Creator),Unknown,LTK Agencies & Affiliates page,2026-02-03,,
thehillarystyle,company.shopltk.com/en/ltk-ads,Yes (LTK Featured Creator),Unknown,LTK Ads page,2026-02-03,,
caraloren,company.shopltk.com/en/ltk-ads,Yes (LTK Featured Creator),Unknown,LTK Ads page,2026-02-03,,
Sweenandthekids,company.shopltk.com/en/ltk-ads,Yes (LTK Featured Creator),Unknown,LTK Ads page,2026-02-03,,
Sandyalamode,company.shopltk.com/en/ltk-ads,Yes (LTK Featured Creator),Unknown,LTK Ads page,2026-02-03,,
kathleen.post,company.shopltk.com/en/ltk-ads,Yes (LTK Featured Creator),Unknown,LTK Ads page,2026-02-03,,
bellistonfamily,company.shopltk.com/en/ltk-ads,Yes (LTK Featured Creator),Unknown,LTK Ads page,2026-02-03,,
thekleannutritionist,company.shopltk.com/en/ltk-ads,Yes (LTK Featured Creator),Unknown,LTK Ads page,2026-02-03,,
juliahavens,onbrand.shopltk.com/en-au/grow-your-ltk-following,Yes (LTK Featured Creator),Unknown,OnBrand Grow LTK page,2026-02-03,,
madisonpayne,onbrand.shopltk.com/en-au/grow-your-ltk-following,Yes (LTK Featured Creator),Unknown,OnBrand Grow LTK page,2026-02-03,,
stephtaylorjackson,onbrand.shopltk.com/en-au/grow-your-ltk-following,Yes (LTK Featured Creator),Unknown,OnBrand Grow LTK page,2026-02-03,,
laurenkaysims,onbrand.shopltk.com/en-au/grow-your-ltk-following,Yes (LTK Featured Creator),Unknown,OnBrand Grow LTK page,2026-02-03,,
sunsetsandstilettos,onbrand.shopltk.com/en-au/grow-your-ltk-following,Yes (LTK Featured Creator),Unknown,OnBrand Grow LTK page,2026-02-03,,
ambervenzbox,onbrand.shopltk.com/en-au/grow-your-ltk-following,Yes (LTK Featured Creator),Unknown,OnBrand Grow LTK page,2026-02-03,,
brookemoraleshome,company.shopltk.com/ltk-soiree,Yes (LTK Featured Creator),Unknown,LTK Soiree page,2026-02-03,,
brenna_anastasia,company.shopltk.com/ltk-soiree,Yes (LTK Featured Creator),Unknown,LTK Soiree page,2026-02-03,,
laineandlayne,company.shopltk.com/ltk-soiree,Yes (LTK Featured Creator),Unknown,LTK Soiree page,2026-02-03,,
thanya,company.shopltk.com/ltk-soiree,Yes (LTK Featured Creator),Unknown,LTK Soiree page,2026-02-03,,
tylauren,company.shopltk.com/ltk-soiree,Yes (LTK Featured Creator),Unknown,LTK Soiree page,2026-02-03,,
ZachWebber,company.shopltk.com/ltk-soiree,Yes (LTK Featured Creator),Unknown,LTK Soiree page,2026-02-03,,
9to5chic,company.shopltk.com/ltk-ctv,Yes (LTK Featured Creator),Unknown,LTK CTV page,2026-02-03,,
iamservante,company.shopltk.com/ltk-ctv,Yes (LTK Featured Creator),Unknown,LTK CTV page,2026-02-03,,
Sarah.Naja,company.shopltk.com/ltk-ctv,Yes (LTK Featured Creator),Unknown,LTK CTV page,2026-02-03,,
sbkliving,company.shopltk.com/ltk-ctv,Yes (LTK Featured Creator),Unknown,LTK CTV page,2026-02-03,,
bijpatel,company.shopltk.com/ltk-ctv,Yes (LTK Featured Creator),Unknown,LTK CTV page,2026-02-03,,
